domain_id,subdomain_id,facet_id,method,rank,text,passed,domain1,domain2,domain3,domain4,domain5,domain6,domain7,domain8,domain9,domain10,domain11,domain12,domain13,domain14
1,1.1,1.1.1,gemma,1,bijhouden wat er wordt uitgelegd tijdens de les,True,0.8072789999999999,-0.28112200000000015,-0.009177000000000048,-0.20573799999999998,0.9450469999999997,1.1341819999999998,0.9882069999999995,0.007545000000000028,0.18397,-0.023034999999999934,-1.2815940000000003,0.6275660000000002,-0.6352619999999999,1.4740929999999997
1,1.1,1.1.2,gemma,2,een taak met behulp van woordenlijsten uitvoeren,True,0.4939350000000001,0.33106700000000006,-0.18006699999999995,0.6095369999999997,0.617023,-1.0562319999999994,-0.4875110000000004,-0.2029,0.04517999999999996,0.228877,-0.854584,-0.39200100000000015,-0.02681600000000006,1.5029300000000003
1,1.1,1.1.3,gemma,3,ideeën delen voor de presentatie,True,1.1431119999999997,0.26790900000000006,0.48429900000000004,-0.17870799999999995,1.198083,0.12063299999999998,0.15438499999999997,0.10911600000000007,-0.28179200000000004,0.825727,-0.10308100000000003,1.2768620000000004,1.383668,-0.3969450000000002
1,1.1,1.1.4,gemma,4,lesnotities doornemen en samenvatten,True,-0.002303999999999957,-0.27104100000000014,-0.27219600000000005,0.26562499999999994,0.9210219999999998,0.5949180000000004,1.2088279999999998,0.028761000000000005,-0.013763000000000027,0.17258299999999988,0.06639799999999996,1.492491,0.384108,-0.24541700000000002
1,1.1,1.1.5,gemma,5,naar een digitale les inloggen,True,0.7763990000000003,-0.37821200000000005,-0.30650200000000005,-0.7083070000000005,-0.21766399999999994,0.8439020000000003,0.37197900000000006,-0.45403299999999996,0.13977400000000004,0.8122810000000001,-0.7660960000000001,-0.780977,-0.29040600000000005,-0.3036690000000002
1,1.1,1.1.6,gemma,6,strategieën zoeken om een moeilijk puzzel te kunnen aanpakken,True,0.6354780000000002,0.7436579999999998,-0.8316069999999995,-0.23452599999999993,0.5338579999999999,0.7774569999999998,0.32127399999999995,-0.678046,-0.20306099999999994,0.6337109999999999,-0.46347700000000025,-0.6775180000000001,0.15241899999999997,-0.5186839999999999
1,1.1,1.1.7,gemma,7,een eigen lied componeren met verschillende melodieën,True,0.6948859999999998,-0.335796,-0.14205700000000004,-0.38459400000000005,-0.15508400000000003,-1.3984189999999999,-1.2401910000000003,-1.219366,0.137461,0.27902200000000005,0.7005469999999999,-0.8212069999999998,-0.289751,-0.8593519999999999
1,1.2,1.2.1,gemma,8,je spullen klaarleggen voor de volgende les,True,0.39684499999999995,-0.25610599999999994,-0.3256189999999999,0.07311899999999998,0.8316010000000003,0.42001599999999983,0.21101299999999995,-0.501231,0.04480599999999997,-0.24463999999999994,-0.777972,0.6455749999999999,0.071624,0.03212300000000001
1,1.2,1.2.2,gemma,9,het resultaat van je examen bekijken,True,-0.11029900000000006,0.43409400000000004,-1.0681250000000002,-0.34889200000000004,0.08201200000000011,0.8170529999999997,-0.3141909999999999,-0.5226829999999998,-0.15139999999999995,1.4643279999999999,-0.9968020000000004,-2.074609000000001,-0.8348329999999998,0.859307
1,1.2,1.2.3,gemma,10,een document ordenen op alfabet,True,0.5710900000000002,-0.11803700000000006,-0.194161,-0.8124610000000001,0.6184390000000001,0.6476840000000001,-0.3436640000000001,-0.5086619999999998,-0.07676700000000002,0.029537999999999995,-1.0119909999999999,-1.1471500000000001,-0.317958,1.5693489999999997
1,1.2,1.2.4,gemma,11,aanmoedigen tijdens een wedstrijd tussen klassen,True,0.46589099999999994,-0.5422979999999998,-0.31366700000000003,-0.8825420000000002,0.47882500000000006,2.2728900000000003,2.2691400000000006,-0.4325319999999999,-0.2858,-0.3500010000000002,-0.7419370000000005,0.41206900000000013,0.020720999999999972,-0.6615829999999998
1,1.3,1.3.1,gemma,12,de leerkracht om uitleg vragen,True,0.8790349999999997,0.4790130000000001,0.051301999999999966,-0.304398,0.081131,1.2000190000000002,1.1480639999999995,-0.34277100000000005,-0.11213700000000004,0.3612429999999999,-0.7339959999999998,1.0482580000000008,-0.7381970000000001,1.3176929999999991
1,1.3,1.3.2,gemma,13,een grap vertellen aan een klasgenoot,True,1.2731089999999994,-0.7750220000000002,1.014102,-0.5994359999999999,0.24215000000000003,0.8079530000000004,1.2793139999999996,-0.599271,-0.4867700000000004,0.36614499999999994,-0.19732400000000005,1.6118070000000002,-0.594152,-0.25937600000000005
1,1.3,1.3.3,gemma,14,samen een kring vormen voor de les,True,0.911794999999999,-0.16259099999999996,0.13158599999999995,-0.345047,0.30639499999999986,0.860631,1.0286359999999992,-0.6364009999999998,-0.08038800000000001,0.06615700000000004,-0.11660399999999996,1.83935,-0.23815300000000003,-0.375335
1,1.3,1.3.4,gemma,15,meer informatie over de schoolkeuze krijgen,True,0.35247500000000004,0.18811999999999995,-0.859429,-0.5295110000000001,0.2653209999999999,0.717444,0.5617389999999995,-0.6921820000000001,-0.33284099999999994,0.5568639999999998,-0.288989,-1.0360220000000004,-0.23358000000000018,0.11636800000000001
2,2.1,2.1.1,gemma,16,de huid goed afdrogen,True,-0.9481790000000007,-0.65777,-1.1312269999999998,-0.665014,0.18734,-0.73448,0.138151,-0.48531599999999986,0.4005120000000001,-0.37704800000000005,-0.43106400000000017,0.7841039999999998,-0.07217900000000002,-0.261591
2,2.1,2.1.2,gemma,17,een lekkere maaltijd klaarmaken,True,-0.6625670000000001,-0.027856000000000013,-1.2066749999999997,0.9042929999999997,-0.120918,-1.0435160000000006,-0.08626199999999998,1.3065339999999999,0.40946,-0.008563999999999995,0.12791600000000003,0.48342499999999977,1.2978319999999999,1.6345000000000005
2,2.1,2.1.3,gemma,18,ramen schoonmaken met een doekje,True,-1.2833490000000005,-0.3280319999999999,-1.5915709999999992,0.5443519999999998,-0.6002969999999999,-1.151656,-0.5416019999999999,0.9095569999999998,0.8084770000000006,-0.5555770000000003,0.06817500000000004,0.5844219999999999,-0.45273199999999997,-0.148474
2,2.1,2.1.4,gemma,19,kleren voor morgen sorteren in de kast,True,-0.30363500000000004,-0.19414099999999998,-1.0507829999999998,0.15424000000000007,0.5728429999999999,-0.03667899999999999,-0.30247800000000014,-0.36557300000000004,0.4470979999999999,-0.30728500000000014,-0.678982,0.22535800000000003,-0.2572069999999999,0.40311399999999964
2,2.1,2.1.5,gemma,20,ouders helpen met de was opvouwen,True,0.5855519999999999,-0.7037500000000001,-0.6264429999999999,-0.5015050000000001,0.053077999999999896,0.567153,0.4530659999999998,-0.05124999999999996,0.09082500000000002,-1.5679849999999989,-0.610041,1.8407649999999989,-0.4507609999999999,-0.33827900000000005
2,2.2,2.2.1,gemma,21,vragen om advies over een probleem met vrienden,True,1.1569539999999998,0.024258000000000005,-0.7878879999999995,-0.43336099999999994,0.4637769999999999,0.528977,1.2418709999999988,-0.30028000000000005,-0.12907500000000005,0.8336849999999996,-0.279124,1.8369660000000005,-0.18936899999999995,-0.3401700000000002
2,2.2,2.2.2,gemma,22,delen van je spullen met je broer of zus,True,-0.09713899999999998,-0.4801460000000002,-0.7910369999999998,-0.06435099999999999,0.566321,-0.22363499999999994,-0.10921700000000006,0.5775470000000003,0.592335,-0.21426799999999993,-0.476773,0.9608679999999998,0.21406199999999992,-0.22399599999999997
2,2.2,2.2.3,gemma,23,meegaan op visite bij oom en tante,True,0.8045569999999997,-0.26769000000000004,-0.5786510000000002,0.3683420000000001,-0.08428000000000002,-0.0017659999999999915,-0.3039630000000001,0.171952,0.161295,0.05380800000000001,-0.5060880000000001,1.348924,-0.543867,-0.23551000000000014
2,2.2,2.2.4,gemma,24,plezier hebben tijdens gezinstijd,True,0.6180589999999999,-0.15441499999999994,-0.6208039999999999,-0.06292099999999999,0.020448000000000004,0.15285799999999988,0.19678599999999996,-0.05695699999999996,0.06320099999999998,0.005468000000000013,-0.5837990000000004,1.439358,0.5949499999999998,-0.44452499999999984
2,2.3,2.3.1,gemma,25,informeren over de tijd die wordt gebruikt,True,0.3264089999999999,0.097082,-0.9854409999999999,-0.6774460000000003,0.5671109999999999,0.3985249999999999,1.0183810000000002,0.23823000000000005,-0.21650399999999995,1.6493870000000013,-1.0553819999999998,1.115653000000001,-1.3030800000000005,0.2094580000000001
2,2.3,2.3.2,gemma,26,privacy nodig hebben om te kunnen denken,True,1.1171719999999998,0.17455500000000002,-0.23160900000000006,-0.3179029999999999,0.44757199999999986,-0.36064100000000004,0.6957400000000001,0.5848190000000004,-0.295945,1.401974,0.182702,1.1050300000000006,-0.39816299999999993,-0.3842680000000003
2,2.3,2.3.3,gemma,27,vragen of jullie afspraken kunnen maken over gezinstijd,True,0.540607,0.5138059999999999,-0.8822499999999994,-0.22120799999999996,0.624392,0.3374779999999999,0.6511349999999997,-0.533641,-0.19130200000000006,1.0493210000000006,-0.6907430000000002,1.1163070000000004,0.9796940000000004,-0.38186999999999993
2,2.3,2.3.4,gemma,28,zelf een plan maken voor een activiteit,True,0.174929,0.940502,-0.4510479999999998,-0.07991000000000001,0.9293370000000002,0.304673,-0.241705,-0.18576900000000002,-0.005969999999999999,1.0649019999999998,-0.3364750000000001,-0.4830169999999999,2.281082999999999,-0.39548999999999984
3,3.1,3.1.1,gemma,29,een geheim delen met iemand vertrouwd,True,0.6741620000000002,-0.6586830000000002,-0.21399100000000001,-0.5501300000000002,-0.11905499999999998,-0.8392050000000003,-0.05832799999999999,0.3681970000000001,0.067731,0.3512840000000002,0.24037300000000003,1.6134300000000001,-0.45157700000000006,-0.64357
3,3.1,3.1.2,gemma,30,organiseren van een activiteit voor je groep vrienden,True,0.409165,-0.025111000000000022,-0.3368500000000001,-0.418822,0.4390250000000002,1.417034,0.8813199999999997,0.22916899999999996,-0.14282900000000004,0.7157539999999999,-0.16233099999999998,0.3558469999999999,2.031997,-0.3867640000000001
3,3.1,3.1.3,gemma,31,grappen maken samen met een klasgenoot tijdens les,True,1.0137389999999995,-1.075865000000001,0.17566000000000004,-0.9794590000000002,-0.06621399999999998,0.7630100000000003,1.2625389999999996,-1.1530350000000005,-0.025074999999999986,-0.04643499999999994,-0.4348780000000001,2.1864399999999997,-0.8032660000000001,-0.6739189999999998
3,3.1,3.1.4,gemma,32,een kus geven na veel flirtgedrag,True,0.5231379999999999,-0.6064320000000002,-0.16228000000000006,-0.5663240000000002,-0.272723,-0.8255380000000003,0.23217099999999988,0.2906149999999997,0.05600099999999999,-0.128026,0.368916,1.5695759999999996,-0.6609959999999998,-0.6122949999999997
3,3.2,3.2.1,gemma,33,met vrienden een spelletje tikken,True,0.34478000000000014,-0.0013919999999999777,0.33013600000000004,-0.22619999999999998,-0.266728,-0.192246,0.22491099999999997,-0.8073929999999998,0.17445199999999994,0.14750199999999997,0.40832,1.006546,-0.398476,-0.6644709999999999
3,3.2,3.2.2,gemma,34,via bericht met een vriend afspraak plannen,True,1.1119719999999997,-0.10249699999999998,-0.14600300000000002,0.13514899999999996,0.6218929999999999,-0.25930099999999995,0.07558099999999997,-0.004058999999999991,0.09206399999999994,0.7666950000000001,-0.15501199999999996,0.5413729999999998,1.281486,0.07408800000000004
3,3.2,3.2.3,gemma,35,een leuke serie samen bekijken,True,0.350227,-0.11998999999999993,-0.21223600000000004,0.31320200000000004,-0.16231500000000001,0.4224759999999999,0.13646300000000003,-0.46985700000000025,-0.15279999999999996,0.45794300000000004,-0.08429699999999998,1.650641999999999,-0.965726,-0.5963860000000002
3,3.2,3.2.4,gemma,36,plezier beleven met vrienden op een feest,True,0.8701489999999998,-0.48109799999999986,-0.20867600000000003,-0.06577300000000001,0.11126800000000006,0.9810069999999996,0.92468,-0.2898150000000001,0.007320999999999994,0.05694000000000002,0.441325,2.5046290000000018,0.012403999999999991,-0.677391
3,3.3,3.3.1,gemma,37,beslissen wat goed is voor jou ook als anderen het anders vinden,True,0.4234109999999998,-0.27559900000000004,-0.9933819999999995,-0.5534370000000002,0.577413,0.13053499999999998,0.9346040000000002,0.9629580000000003,-0.3420949999999998,1.1795540000000007,-0.25373799999999996,1.134852,0.7002560000000002,-0.5508629999999998
3,3.3,3.3.2,gemma,38,een meningsverschil met iemand bespreken,True,1.7357329999999995,-0.534812,1.389695,-0.49252200000000024,-0.39222400000000024,0.18441400000000005,-0.14871800000000004,-0.66912,-1.071475,0.7757980000000002,0.877568,1.3490600000000001,-0.46527200000000013,-0.7136150000000001
3,3.3,3.3.3,gemma,39,laten zien dat je geïnteresseerd bent,True,0.45769499999999996,0.24729499999999988,0.1849920000000001,-0.5388140000000003,0.521278,0.4309500000000002,-0.09789400000000004,-0.37175900000000006,-0.22753800000000002,0.7841090000000002,0.20051199999999994,0.3600110000000001,-0.004429000000000017,-0.36234599999999995
3,3.3,3.3.4,gemma,40,proberen om anderen te overtuigen met argumenten,True,1.2013249999999989,0.28339700000000007,0.8149119999999997,-0.663942,0.03267799999999998,1.0558409999999998,1.2714040000000002,-0.1325419999999999,-0.5821660000000001,0.7506150000000001,0.3836199999999998,1.5326180000000005,-0.148306,-0.698129
4,4.1,4.1.1,gemma,41,aanmoedigen en ondersteunen tijdens de wedstrijd,True,0.29194800000000004,-0.45995900000000006,-0.37915500000000013,-0.5144860000000002,1.0444049999999998,2.8771839999999984,1.6122839999999998,-0.511194,-0.22762899999999991,-0.712955,-0.9689120000000002,1.8230430000000002,-0.009235000000000045,-0.4750909999999998
4,4.1,4.1.2,gemma,42,een project bedenken en uitvoeren als groep,True,0.5563720000000003,0.977717,-0.5443509999999996,0.18048600000000017,1.1097990000000004,0.6586210000000001,0.23452500000000004,0.5475910000000002,-0.2542980000000001,0.9612110000000004,0.002041000000000017,1.1690860000000007,1.0556899999999998,-0.3810969999999999
4,4.1,4.1.3,gemma,43,een muziekstuk uitvoeren tijdens een optreden,True,0.6247480000000002,0.14688400000000004,-0.0031160000000000033,-0.3952999999999999,-0.025447000000000157,-1.100667,-0.8167509999999999,-0.9827740000000001,0.7201700000000002,0.4762779999999998,0.10984500000000003,0.5184699999999998,-0.21085799999999996,-0.27250099999999994
4,4.1,4.1.4,gemma,44,nieuwe vaardigheden in de cursus toepassen,True,0.044878999999999974,0.293277,-0.884368,-0.32294999999999985,0.18021399999999993,1.5813670000000002,0.8934079999999999,-0.04736799999999998,-0.049297000000000056,0.149857,-1.0462310000000001,-0.83219,0.39699599999999985,-0.412704
4,4.2,4.2.1,gemma,45,een nieuwe strategie bedenken om een level te winnen,True,0.21136300000000002,1.1232070000000005,-0.9867489999999995,-0.7976820000000002,0.8648300000000007,0.859922,0.841506,-0.8821590000000001,-0.29989899999999975,0.9949539999999998,-0.24332599999999993,-0.6207069999999999,1.0366480000000002,-0.4720429999999998
4,4.2,4.2.2,gemma,46,een spannende video bekijken,True,0.6116610000000002,0.44584500000000005,-0.41724499999999975,0.08386899999999999,-0.15185099999999993,-0.12460500000000004,-0.48395599999999994,0.05501300000000011,0.19710600000000003,1.465864,0.153416,-1.5897830000000002,-1.4123160000000001,-0.356797
4,4.2,4.2.3,gemma,47,een mooie tekening met kleurpotloden maken,True,0.15410199999999993,0.13600200000000004,0.22475199999999995,0.45650800000000014,-0.27882600000000024,-1.332174,-1.0167089999999996,-0.5449129999999996,0.3562929999999998,0.25250899999999993,0.02114800000000002,-0.8841100000000003,0.15341599999999994,-0.8259780000000002
4,4.2,4.2.4,gemma,48,kaarten uitdelen voor een spannend spel,True,0.5206649999999999,0.29029100000000024,-0.28596199999999994,-0.17044400000000004,0.150538,0.8196389999999997,0.14411999999999994,-0.46807999999999994,-0.137655,0.776895,-0.19044499999999995,0.1331979999999999,1.2678709999999997,-0.5387849999999998
4,4.2,4.2.5,gemma,49,een eigen fantasiewereld verzinnen,True,0.30453100000000005,1.0251669999999993,0.8778240000000004,0.540666,-0.05179000000000007,-0.9180200000000004,-0.8351559999999998,-0.5095750000000002,0.3249859999999999,0.7410090000000004,1.22961,-0.630427,0.7388390000000002,-0.5171019999999998
4,4.3,4.3.1,gemma,50,een hindernisparcours bouwen op straat,True,0.22074900000000006,0.6450170000000002,-0.038151000000000004,0.9264659999999991,0.5368679999999998,0.186419,-0.3565510000000002,-0.272591,0.22204599999999988,0.54658,-0.29272299999999996,-0.006297000000000006,0.15031799999999992,-0.5405919999999999
4,4.3,4.3.2,gemma,51,de bomen observeren en hun bladeren voelen,True,-0.9894000000000004,0.27152800000000005,-1.3416239999999993,0.13133700000000004,-0.38096,-0.1388590000000001,0.2488669999999999,-0.24737400000000004,0.7684460000000002,1.162177999999999,-0.27535399999999993,-0.4478620000000001,-0.4826589999999999,-0.23198199999999997
4,4.3,4.3.3,gemma,52,in het zwembad met je armen en benen bewegen,True,0.148922,-0.304811,-0.8296409999999996,-0.379302,0.16818999999999995,1.5281110000000004,0.101797,-0.8943910000000002,0.2691260000000002,-0.141819,-0.6303519999999999,-0.5131580000000001,0.073474,-0.381043
4,4.3,4.3.4,gemma,53,rondlopen en je omgeving bestuderen,True,-1.0851079999999997,-0.09736400000000005,-0.9923299999999999,0.044662,0.45037499999999986,-0.109879,-0.38679600000000003,-0.5815429999999999,0.184635,1.183785,-0.550742,-1.6809780000000005,-0.27658600000000005,-0.38821400000000006
4,4.3,4.3.5,gemma,54,beleven een onvergetelijke dag in een leuke recreatiepark,True,0.4363899999999999,0.2138790000000001,-0.27958600000000006,0.17376600000000017,-0.009214000000000017,0.036282999999999996,0.040741000000000006,-0.7591270000000003,0.11880199999999996,0.29720100000000005,0.034715000000000044,0.9338409999999999,0.15826,-0.3766020000000001
5,5.1,5.1.1,gemma,55,een grappig bericht doorsturen,True,1.1427119999999997,-0.8038370000000001,0.338378,-0.48779400000000017,-0.11171299999999995,-1.0103610000000003,-0.4237150000000002,-0.9142560000000002,0.04783299999999998,0.6509619999999997,0.11731600000000003,-0.753692,-0.2794730000000001,-0.5504989999999998
5,5.1,5.1.2,gemma,56,denken over wat je online plaatst,True,0.7399330000000003,0.27205900000000005,-0.8794449999999996,-0.10521000000000001,0.18986899999999998,-0.8279610000000001,-0.763489,0.4378380000000001,-0.03192300000000003,1.3425820000000004,0.05962000000000004,-0.8431629999999994,0.15428999999999995,-0.451041
5,5.1,5.1.3,gemma,57,online met vrienden een team vormen voor een competitie,True,0.4024749999999998,0.024850999999999988,-0.6058699999999999,-0.18811699999999995,0.254907,2.770171000000001,0.7510849999999999,-0.936317,0.13093200000000002,0.061921000000000025,-0.684166,-0.19994700000000004,1.525454,-0.406134
5,5.1,5.1.4,gemma,58,samen een project maken met je klas via online videobellen,True,0.5867330000000001,-0.265273,0.17767599999999997,-0.2766619999999999,0.764916,0.44958000000000004,0.095113,-0.14426299999999995,0.14604099999999998,0.49374300000000004,-0.45315599999999995,0.8251669999999998,1.1519820000000005,-0.5746730000000004
5,5.1,5.1.5,gemma,59,nadenken over wat je online wilt delen,True,1.1085249999999993,0.04299700000000004,-0.8770529999999995,-0.14299099999999998,0.430094,-0.40057699999999996,-0.298943,0.5243490000000002,0.09595499999999996,1.1819620000000004,0.10508199999999998,0.7766370000000004,0.789637,-0.36179399999999995
5,5.2,5.2.1,gemma,60,leren van tips en trucs in een video,True,0.3400249999999999,0.040373,-1.4638579999999997,0.061488999999999974,-0.05159599999999997,-0.5638859999999998,-0.004276000000000064,-0.2891799999999998,0.2195319999999999,1.192804,-0.04373899999999997,-0.22292699999999993,-0.5257010000000002,-1.5097699999999998
5,5.2,5.2.2,gemma,61,een genre selecteren om te zoeken,True,0.5245380000000001,0.005610000000000005,-0.7253059999999999,-1.1828780000000003,0.5112699999999996,-0.2486470000000001,-0.44214700000000007,-0.444724,-0.6716409999999997,1.4895220000000002,-0.04472799999999995,-1.6961260000000005,0.4046119999999999,-0.07749199999999998
5,5.2,5.2.3,gemma,62,website met instructies voor een hobby opzoeken,True,0.23138100000000011,0.9786510000000002,-1.1660449999999998,0.5118079999999999,0.10159900000000002,-0.35268599999999994,-1.0123879999999996,-0.38891499999999973,0.06027200000000002,1.3361610000000004,-0.05958199999999994,-1.5958520000000007,-0.04923600000000011,-0.09174399999999999
5,5.2,5.2.4,gemma,63,laten zien dat je mee bent met trends online,True,0.7571250000000002,-0.07253800000000002,-0.6882739999999998,-0.615891,0.527011,1.0400489999999996,0.9411460000000001,-0.03937599999999997,-0.09733400000000002,0.4122490000000002,-0.45613099999999995,1.6104789999999993,0.4544450000000001,-0.336349
5,5.3,5.3.1,gemma,64,dubbele verificatie activeren op je accounts,True,-0.3112499999999998,-0.19871899999999992,-1.0975559999999995,-0.628125,0.7479749999999998,0.7879330000000002,0.357407,-0.7488359999999996,0.2558010000000001,0.09904199999999999,-1.0340449999999999,0.33637200000000006,0.6428460000000001,-0.07519
5,5.3,5.3.2,gemma,65,vertel over je interesses op je profiel,True,0.9578410000000004,0.22928699999999996,-1.0450039999999994,-0.4489160000000002,0.5072569999999997,-0.009720000000000012,-0.019963999999999968,0.567964,-0.14124899999999993,1.3773750000000007,-0.06430499999999999,-1.250939,0.7430200000000003,-0.09235300000000005
5,5.3,5.3.3,gemma,66,begrijp de context van een gesprek,True,1.8021950000000002,0.004867000000000033,0.8672289999999999,-0.6492780000000004,0.3195620000000001,0.248675,0.8574220000000001,-0.018916999999999976,-1.3272069999999996,1.4763120000000003,0.10301000000000003,1.3740580000000007,-0.8372669999999997,-0.332844
5,5.3,5.3.4,gemma,67,vreemde verzoeken online negeren,True,0.7458890000000002,-0.28997999999999996,-0.21047300000000013,-0.6792390000000004,0.30871899999999985,0.13112699999999997,0.8549759999999996,1.2204109999999995,-0.20860900000000002,0.7441079999999998,-0.15818800000000005,1.5257799999999995,0.036798,-0.017570000000000002
6,6.1,6.1.1,gemma,68,leren over de verschillende veranderingen in het lichaam,True,-0.111315,0.09162499999999993,-1.3006210000000002,-0.3761850000000001,-0.09441500000000003,0.5088190000000001,0.4896010000000002,-0.7380260000000001,-0.327411,1.834336000000001,-0.26502000000000003,-1.9257410000000004,-0.5872810000000002,-0.571424
6,6.1,6.1.2,gemma,69,een routine voor persoonlijke hygiëne maken,True,-0.004987000000000032,0.3181380000000001,-1.1579259999999998,-0.4569660000000001,0.49416600000000005,-0.5535449999999995,0.07149000000000001,-0.03814100000000008,0.023238,0.3864499999999999,-0.001977999999999974,-1.2907049999999995,0.9452770000000001,0.100535
6,6.1,6.1.3,gemma,70,uitdruk jezelf op een manier die bij je past,True,0.9229879999999998,-0.21384300000000003,-0.03688000000000002,0.17177500000000015,0.108991,-0.5716459999999999,0.36739999999999995,1.0379299999999998,-0.12316099999999996,0.9589130000000003,0.3587780000000001,1.0930680000000004,-0.12849300000000002,-0.5855619999999999
6,6.2,6.2.1,gemma,71,merk op wanneer je blij of verdrietig bent,True,0.55315,-0.6131239999999999,-0.9011469999999996,-0.6441490000000001,0.42976899999999985,0.020457000000000072,1.0329849999999996,0.7234810000000005,-0.18413800000000008,0.9294619999999995,-0.080132,1.0662800000000003,0.17800600000000003,-0.527111
6,6.2,6.2.2,gemma,72,ontwikkel vertrouwen in je kunnen,True,0.7495319999999999,0.013673000000000025,-0.4628010000000002,0.27360900000000016,0.4705280000000001,-0.4365840000000001,-0.24497500000000025,-0.20457899999999998,0.0015889999999999804,0.7634639999999999,-0.47191800000000045,0.698483,0.168805,-0.5704549999999997
6,6.2,6.2.3,gemma,73,overwegen wat je echt belangrijk vindt,True,0.6384119999999999,-0.07540800000000002,-0.21327799999999988,-0.6219590000000003,0.6586290000000001,-0.131734,0.7327330000000002,0.6159080000000001,0.20281600000000005,1.0251129999999997,-0.14147599999999996,0.75279,-0.12168,-0.05129499999999999
6,6.2,6.2.4,gemma,74,zorg goed voor je lichaam en geest,True,-0.36475199999999985,-0.23971200000000015,-1.6423549999999998,-0.29686699999999994,0.17766300000000007,0.33865700000000004,0.983114,0.08813000000000003,0.10486400000000001,-0.5826180000000002,-0.10196599999999999,1.367543,-0.14062999999999998,-0.34176900000000004
6,6.2,6.2.5,gemma,75,nadenken over hoe je reageert op iets onaangenaams,True,0.2642259999999999,0.9662310000000002,-0.01184100000000004,-0.14394299999999993,0.08435799999999997,-0.4469049999999999,-0.25383399999999995,-0.02500200000000001,0.04890599999999996,1.5180530000000008,0.9343519999999998,-0.11853299999999997,-0.8897780000000001,-0.6327860000000001
6,6.3,6.3.1,gemma,76,rekening houden met je natuurlijke ritme van wakker worden,True,0.8692709999999999,0.20418600000000012,-1.0410909999999998,-0.8146459999999998,0.5033699999999998,0.06046100000000003,0.8904199999999998,-0.6200309999999998,-0.05417100000000003,1.2221160000000002,-0.6131360000000005,0.24388199999999988,-0.2606949999999999,-0.477216
6,6.3,6.3.2,gemma,77,combineer verschillende voedingsgroepen in je maaltijden,True,-0.4092770000000001,-0.39599100000000015,-1.5732979999999994,-0.24437799999999987,0.602961,0.3275009999999999,0.2168319999999999,0.5284960000000001,0.040046,0.21804199999999987,-0.5556330000000002,0.7062489999999998,1.4409820000000002,-0.3604810000000001
6,6.3,6.3.3,gemma,78,creëer een routine met leuke bewegingsactiviteiten,True,0.2305259999999999,0.5773019999999998,-0.726674,-0.3454080000000001,0.56556,-0.13156999999999996,-0.14331500000000003,-0.306694,0.16294499999999995,-0.09859800000000003,-0.30018000000000006,-0.7151679999999998,0.8997900000000001,-0.38872599999999996
6,6.3,6.3.4,gemma,79,gebruik duidelijke signalen als je hulp nodig hebt,True,0.38632200000000005,0.17732900000000007,-1.462504,-0.28103199999999995,1.0671030000000001,0.9720969999999997,1.1007530000000005,0.671204,0.10929199999999999,-0.9708079999999997,-0.8908650000000007,1.5495100000000002,0.4207719999999998,-0.07719199999999997
7,7.1,7.1.1,gemma,80,focussen op kleine details in een natuurfoto,True,0.48973599999999995,-0.13675300000000004,-0.4010170000000002,0.6261329999999996,-0.4277940000000004,-1.3544580000000004,-1.1798179999999991,-0.6415159999999999,0.9439500000000005,1.341284,-0.4291420000000001,-1.894945,-0.21885599999999994,-0.727093
7,7.1,7.1.2,gemma,81,herken bewegingen door geluiden te beluisteren,True,0.22503600000000007,0.6183469999999998,-0.6091359999999999,-0.6879609999999999,-0.0008209999999999473,0.6061530000000002,0.42887300000000006,-1.1625819999999996,0.5281020000000002,1.4739520000000004,-0.6601800000000004,-1.5103509999999998,-1.2242190000000006,-0.7457809999999999
7,7.1,7.1.3,gemma,82,ruwheid en gladheid van materialen waarnemen,True,-1.2463970000000006,-0.13087000000000001,-0.9585239999999995,0.16197399999999998,-0.02693499999999998,-0.516008,-0.6204059999999998,1.1073119999999996,0.7627279999999999,0.8398889999999998,-1.0164380000000002,-0.6732920000000001,-0.5087560000000001,1.7376510000000003
7,7.1,7.1.4,gemma,83,ontdekken de smaak van zure en zoete vruchten,True,-0.34387199999999996,-0.7142629999999999,-1.8295249999999994,0.019677,0.383693,-1.3762889999999999,-0.20470800000000008,1.033457,0.009955999999999987,1.5757210000000008,-0.1257639999999999,-0.016029000000000012,0.3309550000000003,-0.47937899999999983
7,7.2,7.2.1,gemma,84,met je benen kracht zetten en springen,True,0.3288639999999999,0.08957500000000004,-0.479615,0.12231100000000003,-0.07522699999999999,-0.10522700000000001,-0.17962500000000017,-0.9578869999999999,0.24166800000000002,0.044483999999999996,-0.6793009999999999,-0.1569190000000001,0.07616800000000003,-0.5706309999999999
7,7.2,7.2.2,gemma,85,een complex patroon op papier tekening maken,True,0.4205669999999999,0.5111670000000001,0.09856999999999996,-0.16368100000000002,-0.022924000000000052,-1.5624440000000006,-0.9201140000000001,-0.351955,0.6075889999999996,0.47092200000000006,-0.652154,-1.0802530000000001,0.36589699999999953,-0.21044999999999994
7,7.2,7.2.3,gemma,86,je armen in verschillende posities bewegen,True,-0.030602999999999998,0.053385999999999975,-0.905528,-0.3494280000000001,-0.10666599999999994,-0.14497299999999996,-0.30893099999999996,-0.996235,0.257844,0.599752,-0.6152230000000003,-0.9205660000000003,-0.19530799999999993,-0.5793700000000002
7,7.2,7.2.4,gemma,87,een bal met kracht gooien,True,0.46787,0.04459400000000002,-0.10037399999999998,-0.09550399999999995,-0.27886200000000017,-0.17931500000000003,-0.06861800000000004,-1.0483930000000006,0.14104299999999995,-0.23795900000000017,-0.4301880000000001,-0.3413979999999999,0.005674000000000017,-0.7640700000000001
7,7.3,7.3.1,gemma,88,richting aanwijzingen gebruiken om ergens te komen,True,0.8079519999999999,0.3696400000000001,0.014954000000000005,-0.08058899999999992,0.782573,0.20389600000000005,0.13304300000000002,0.7923220000000001,0.1811280000000001,0.9241969999999999,-0.3962360000000003,1.342521000000001,-0.22456299999999998,-0.15810100000000002
7,7.3,7.3.2,gemma,89,meten met blokken of takken om ruimtes te bepalen,True,-1.0751359999999999,0.9022710000000003,-0.8764810000000002,0.6180939999999993,0.12337499999999996,-0.5095250000000001,-0.8212189999999998,-0.6629419999999999,0.43597100000000005,0.4009779999999998,-0.6568930000000001,-1.7561879999999996,0.32964299999999974,-0.438347
7,7.3,7.3.3,gemma,90,timing hebben voor een beweging over een kleine afstand,True,0.09587700000000003,0.9965850000000002,-0.529279,-0.21477099999999985,0.194276,0.697547,-0.23096000000000008,-0.7567540000000001,0.3213080000000001,0.582531,-0.6070660000000002,-0.8276329999999997,0.299088,-0.6655319999999999
8,8.1,8.1.1,gemma,91,vertrekken van school op tijd voor het vervoer,True,0.12281400000000003,-0.8867570000000005,-0.31754099999999985,-0.763186,0.5437019999999998,1.127585,1.2342559999999998,-0.5717209999999997,-0.19008100000000003,-0.028267000000000007,-0.8697160000000003,1.793896,0.480477,-0.35254999999999986
8,8.1,8.1.2,gemma,92,een bestemming in de buurt bezoeken,True,1.1583789999999998,0.319212,-0.07119100000000003,0.3843410000000001,0.5212680000000001,0.262156,0.036001000000000026,-0.06020900000000006,0.24336800000000008,0.9028790000000003,0.21886399999999995,0.279601,0.18006499999999992,-0.29217599999999994
8,8.1,8.1.3,gemma,93,reizen met oma naar een activiteit,True,0.6142070000000003,0.14444200000000001,-0.545222,-0.10582600000000002,0.5502829999999999,0.8615379999999999,0.1966519999999999,-0.6765829999999998,0.016034999999999987,0.514145,-0.4017330000000004,0.12938699999999995,1.2963209999999998,-0.5586309999999998
8,8.1,8.1.4,gemma,94,ervaring opdoen met zelfstandig reizen naar nieuwe plekken,True,0.8187809999999998,-0.048938000000000044,-0.24157399999999998,-0.17012899999999995,0.7074059999999999,0.24814800000000006,0.7966709999999999,0.30032400000000015,-0.10979900000000002,1.1126600000000002,0.004936000000000034,1.5010340000000009,1.4941460000000004,-0.45694999999999975
8,8.1,8.1.5,gemma,95,overstap van tram naar bus op de halte,True,0.6433480000000003,-0.471953,-0.10395500000000006,-0.5682710000000001,-0.3563350000000001,0.914134,0.9277799999999995,-0.8869419999999998,0.15921100000000002,0.43880899999999995,-0.747247,1.4365780000000004,-0.49932900000000024,-0.31508699999999995
8,8.2,8.2.1,gemma,96,een werkplek creëren in de garage voor hobby s zoals houtbewerking,True,-0.612476,0.9900219999999998,-0.9671299999999996,1.0811099999999998,-0.40036400000000005,-0.6953999999999998,-1.3022379999999993,-0.4304439999999999,0.8627360000000002,0.3130610000000001,-0.28585499999999997,-1.4381709999999999,-0.7375799999999997,-0.7970960000000002
8,8.2,8.2.2,gemma,97,op het pleintje een spelletje improviseren,True,0.24139599999999978,0.12807700000000002,0.29211000000000015,0.5768359999999998,-0.36762000000000017,-0.338281,0.007783000000000031,-0.4683959999999999,0.5831240000000001,-0.002461999999999952,0.7753339999999995,-0.18247400000000003,1.0131869999999998,-0.7882379999999999
8,8.2,8.2.3,gemma,98,een speciale aankoop in de winkel vinden,True,-0.18317899999999998,0.20036699999999993,-0.8992839999999996,-0.06534400000000001,-0.079893,-0.8649110000000007,-0.29285199999999995,0.5069510000000003,0.25440299999999993,0.6271379999999996,-0.11867400000000002,0.03721199999999991,-0.1802099999999999,-0.5885009999999999
8,8.2,8.2.4,gemma,99,nieuwe paden bewandelen en de natuur leren kennen,True,0.6151579999999999,-0.510556,-0.9049360000000002,-0.180387,0.21715200000000004,0.06055500000000002,-0.09021500000000011,-0.7527409999999997,0.21437,0.7389129999999998,-1.3064370000000003,0.8852300000000003,-0.05818700000000003,-0.3772279999999999
8,8.2,8.2.5,gemma,100,samenwerken aan een creatieve activiteit,True,0.9777149999999996,0.43563999999999964,0.2925690000000003,0.3662899999999998,0.6263599999999999,0.3805600000000002,-0.008794000000000014,-0.27210700000000004,0.42993500000000007,0.3709999999999999,0.6101009999999998,1.3721390000000002,0.4595790000000002,-0.6761370000000001
9,9.1,9.1.1,gemma,101,plannen hoe je je geld besteedt,True,0.308393,0.07594999999999998,-0.9020079999999997,0.40471999999999997,1.4851179999999997,-0.5952629999999999,-0.1585340000000001,0.47503600000000007,-0.10520000000000004,0.6919059999999999,-0.17820899999999984,0.210721,2.344444999999999,0.5788280000000001
9,9.1,9.1.2,gemma,102,een outfit aanpassen naar je smaak,True,0.3468530000000001,-0.7935320000000001,-0.28225200000000006,-0.45565199999999995,0.4234119999999998,-0.6972700000000002,-0.07782200000000003,0.7795760000000006,-0.162862,0.6013149999999997,0.28307499999999997,0.6440209999999995,0.664114,-0.4683949999999999
9,9.1,9.1.3,gemma,103,beïnvloeding door reclame erkennen,True,0.7008880000000002,-0.15569799999999995,-0.7075009999999999,-0.7063230000000001,0.246823,0.04798100000000001,1.1256620000000002,0.4704160000000004,-0.21238100000000007,1.1408980000000004,-0.019074000000000025,0.5790389999999995,-0.8658530000000004,-0.6155189999999999
9,9.1,9.1.4,gemma,104,je kaartverzameling uitbreiden met nieuwe sets,True,0.3409769999999998,0.3704050000000001,-0.5389320000000001,-0.5445110000000001,0.26431299999999985,-0.23109200000000005,-0.532262,-0.9101670000000004,0.13216,0.7861739999999999,-0.23130899999999993,-0.94884,0.42025699999999977,-0.08355899999999997
9,9.2,9.2.1,gemma,105,uitproberen wat er te beleven is op de kermis,True,0.8574799999999998,0.19834800000000005,0.13905499999999993,0.12129299999999997,-0.159063,0.22011399999999998,-0.420218,-0.4803919999999997,0.08598099999999997,0.8708940000000007,0.655702,0.167962,-0.3272860000000001,-0.7902620000000004
9,9.2,9.2.2,gemma,106,een programma met activiteiten bestuderen,True,0.033968000000000026,0.43734200000000006,-1.4040709999999996,-1.1789550000000006,-0.009617999999999986,0.9445390000000002,0.20539300000000008,-0.940602,-0.064831,1.6603490000000007,-1.094562,-1.4821280000000001,-0.8418610000000005,-0.4719309999999999
9,9.2,9.2.3,gemma,107,samen kerststol proeven op kerstavond,True,0.48714400000000013,-0.13392100000000004,0.04661699999999999,-0.3328609999999999,0.009415999999999963,-0.18876500000000007,-0.06855099999999999,-0.31152599999999997,0.3296549999999999,0.259988,-0.18874799999999983,1.7062830000000004,0.6766440000000005,-0.43165400000000015
9,9.2,9.2.4,gemma,108,een feestje geven na de viering,True,0.814978,-0.7446610000000004,0.04475299999999998,0.03176299999999998,0.441831,-0.08245000000000006,0.6443610000000001,-0.178397,0.264907,0.6666850000000001,0.5552520000000001,1.8107859999999996,0.609334,-0.3944110000000001
9,9.2,9.2.5,gemma,109,delen van je spirituele ervaringen,True,1.2843249999999995,-0.2595599999999999,-0.14489200000000005,-0.6878100000000004,0.22778599999999982,0.20574900000000007,-0.016938000000000022,-0.282626,-0.023384000000000012,0.7833370000000005,0.16339800000000002,0.6962610000000001,-0.38108100000000017,-0.30264899999999995
9,9.3,9.3.1,gemma,110,bespreken wat respect voor anderen inhoudt,True,0.8301559999999992,-0.4388200000000002,0.020185999999999975,-0.569069,0.2971620000000001,0.8524089999999996,1.179098,-0.26417199999999996,-0.301446,0.5325660000000003,0.08076200000000001,1.6956580000000006,-0.998932,-0.614057
9,9.3,9.3.2,gemma,111,afval verminderen door opnieuw te gebruiken,True,-0.9451880000000007,-0.07511500000000003,-1.534667,-0.33713599999999994,0.4899409999999999,-0.21289099999999986,-0.17168600000000014,-0.24765499999999985,0.6106509999999999,0.130727,-1.3196240000000001,0.6385689999999999,0.04085499999999997,0.3674380000000001
9,9.3,9.3.3,gemma,112,analyseer hoe informatie online wordt gepresenteerd,True,0.5505769999999999,0.8766319999999999,-0.7436349999999998,-0.16958099999999995,0.689038,0.09152099999999991,0.17882900000000007,0.13143599999999997,0.26649399999999995,1.419575,-0.28693699999999994,-1.9843550000000005,-0.46337199999999995,0.6074140000000001
9,9.3,9.3.4,gemma,113,een actie organiseren voor een belangrijk thema,True,0.6924019999999999,-0.02271200000000002,-0.4750229999999999,-0.47931000000000007,1.7289180000000008,0.9036660000000003,0.38846899999999995,-0.3885359999999999,-0.315829,0.5410830000000001,-0.5670930000000005,0.854228,1.7416250000000002,-0.04665199999999997
9,9.3,9.3.5,gemma,114,bespreken wat democratie betekent en hoe het werkt,True,0.7316659999999997,0.09495700000000003,-0.8177089999999998,-0.043621000000000035,0.715724,0.17658300000000005,0.8482070000000002,-0.20587500000000003,-0.32898800000000006,1.3308510000000007,-0.332616,1.2403210000000005,0.18177200000000007,-0.3766199999999998
1,1.1,1.1.1,gemma,115,meedoen aan de discussie in de klas,True,0.6190920000000001,-0.48038700000000006,0.14022899999999996,-0.7485370000000002,0.5396269999999997,1.0527770000000003,1.9742830000000005,0.2372049999999998,-0.5880580000000004,0.5508550000000001,-0.6337369999999999,2.112670999999999,-0.26335800000000004,-0.11714300000000011
1,1.1,1.1.2,gemma,116,een puzzel zonder hulp proberen te maken,True,0.687572,0.8084429999999998,0.25201199999999996,0.24815900000000024,-0.39268699999999995,-0.9274600000000005,-0.7488710000000003,-0.741313,0.163779,0.6706419999999998,0.20417200000000013,0.21551799999999996,-0.7286670000000001,-0.7342470000000002
1,1.1,1.1.3,gemma,117,taken verdelen in de groep,True,0.48097199999999996,-0.4678190000000002,-0.12092200000000006,-0.4907699999999998,1.0548670000000002,1.0237709999999998,1.8823670000000003,-0.2512759999999999,-0.6275870000000002,-0.4080380000000002,-1.048865,1.6734919999999993,1.676547999999999,-0.32171800000000006
1,1.1,1.1.4,gemma,118,de toets voorbereiden met behulp van flashcards,True,0.513285,-0.24628899999999987,-0.22714900000000007,-0.49449999999999994,0.49237199999999987,0.8185530000000005,0.979297,-0.6631339999999999,0.035814000000000006,0.30379799999999996,-0.6324829999999999,0.10498899999999999,0.7068960000000001,1.4257289999999998
1,1.1,1.1.5,gemma,119,een online spel spelen over biologie,True,0.3964590000000002,-0.1624449999999998,-1.0379239999999996,-1.0757780000000003,-0.36757500000000015,0.562382,-0.617947,-1.1030200000000001,0.13663999999999996,1.6290180000000003,-0.3197330000000001,-0.9502649999999998,-0.21798099999999998,-0.3668719999999998
1,1.1,1.1.6,gemma,120,een patroon herkennen in de omgeving,True,0.123112,-0.08911100000000001,-0.3724259999999998,-0.5687350000000001,0.17238799999999999,-0.10951500000000004,-0.297724,-0.37968799999999997,0.4359369999999998,0.34823199999999976,-1.0159639999999996,-0.9283610000000002,-0.31093499999999996,-0.4789530000000001
1,1.1,1.1.7,gemma,121,een korte film draaien met klasgenoten,True,0.9630249999999994,-0.40483199999999997,0.515802,-0.344012,0.15903099999999998,1.3105309999999994,0.9431779999999997,-0.24042199999999997,-0.028491000000000016,0.45350700000000016,-0.17242400000000002,2.087199,-0.46050500000000016,-0.411509
1,1.2,1.2.1,gemma,122,naar de refter gaan voor lunch,True,-0.37610500000000024,-0.057378,-0.4668519999999999,-0.35230699999999976,0.31277599999999983,0.704771,0.9677819999999996,-0.8759900000000002,0.028249999999999987,0.35060700000000017,-0.2942450000000003,1.5857439999999992,0.12401200000000002,-0.4406240000000001
1,1.2,1.2.2,gemma,123,tijdens de proefwerk bespreken,True,0.036756000000000025,0.5436479999999997,0.015489999999999969,0.7052549999999997,0.05556799999999992,0.18535000000000001,-0.4838380000000002,0.2555199999999999,0.26919799999999994,0.3498969999999999,-0.40432100000000015,0.8367309999999994,-0.762277,-0.475665
1,1.2,1.2.3,gemma,124,je naam op het papier schrijven,True,1.20394,0.06964499999999996,-0.4017789999999998,-0.21330599999999983,0.31831799999999993,-0.43267299999999964,-0.4388630000000001,-0.453532,0.07042100000000001,0.5754219999999998,-0.8639599999999998,-0.993163,-0.11798699999999998,1.4612459999999998
1,1.2,1.2.4,gemma,125,meegaan op excursie naar het museum,True,1.1061609999999995,0.4929059999999999,0.771805,0.3115350000000002,-0.7686030000000001,-0.03179200000000005,-1.1732209999999994,-0.5558139999999999,0.5099959999999997,1.1753779999999998,-0.008597999999999996,-0.3173040000000001,-1.086798,-0.241708
1,1.3,1.3.1,gemma,126,informatie inwinnen over afwezigheid,True,0.244306,0.24106699999999992,-0.5805809999999999,-0.8546800000000003,0.19207400000000002,0.220902,0.7020810000000002,-0.6734929999999999,-0.24051900000000004,0.8903610000000005,-0.2108789999999999,0.694667,-1.2715300000000003,-0.11490699999999997
1,1.3,1.3.2,gemma,127,met je klasgenoten babbelen over de vakantie,True,1.2608129999999997,-0.469651,0.015414999999999885,-0.6134939999999999,0.259154,0.6330129999999996,0.8728809999999995,-0.24372500000000002,-0.2708649999999999,0.8482910000000002,-0.6055880000000002,2.1175470000000005,0.05008899999999999,-0.16749999999999995
1,1.3,1.3.3,gemma,128,samen met anderen een spel organiseren,True,0.7265829999999999,0.5074250000000001,-0.10586799999999989,0.027412999999999993,1.339393,1.3382000000000003,1.0270310000000002,0.03737900000000008,-0.17447300000000004,0.5731290000000001,-0.05167399999999987,0.998616,1.5218839999999998,-0.46475200000000005
1,1.3,1.3.4,gemma,129,naar huis lopen met je ouders na het bezoeken,True,0.37839499999999987,-0.13122999999999999,-0.8066429999999994,-0.36802699999999994,-0.01498799999999993,1.0949889999999995,0.8908909999999999,-0.17396500000000006,0.20057900000000004,-0.4260029999999999,-0.7611530000000005,1.8954479999999998,0.3209839999999998,-0.17046200000000009
2,2.1,2.1.1,gemma,130,kleding aan kiezen voor vandaag,True,0.32482400000000006,-0.6553820000000006,-0.4749990000000001,-0.07782299999999999,0.205951,-0.5838140000000002,-0.382399,0.28179799999999994,-0.048964000000000035,0.623804,-0.065683,-0.08421800000000007,-0.24301300000000012,-0.6130780000000001
2,2.1,2.1.2,gemma,131,afdrukken met een doekje,True,0.2685209999999999,-0.38562899999999983,0.8015400000000003,0.466452,-0.5665230000000002,-1.2951070000000005,-0.9926339999999998,-0.2935080000000001,0.37150800000000017,-0.05385800000000003,0.41674800000000006,-1.0908400000000005,-0.9041320000000003,-0.15556399999999995
2,2.1,2.1.3,gemma,132,de vloer schoonmaken met de dweil,True,-0.8765330000000006,-0.6708660000000002,-1.2886099999999996,0.17210400000000012,-0.6773289999999998,-0.9617320000000005,-0.39603000000000016,-0.18089599999999986,0.9137110000000003,-0.515962,-0.577734,0.8730280000000001,-0.6694530000000001,-0.4797060000000002
2,2.1,2.1.4,gemma,133,schoolboeken controleren of ze compleet zijn,True,0.010148000000000013,-0.18738200000000013,-0.5583959999999998,-0.5111479999999999,0.07166300000000002,0.41145199999999993,0.4912759999999997,-0.7829309999999998,0.5464909999999996,0.3030449999999998,-0.7723859999999999,-1.1836829999999994,0.04927999999999999,1.7653419999999995
2,2.1,2.1.5,gemma,134,het kindje troosten als het huilt,True,-0.17488599999999999,-0.9985620000000003,-0.36821000000000015,-1.128808,-0.028561000000000048,0.09607600000000001,0.5028930000000001,-0.9563760000000002,0.4674940000000001,-1.0203970000000002,-0.20855800000000002,1.8030859999999995,-0.8838889999999999,-0.6898219999999999
2,2.2,2.2.1,gemma,135,luisteren naar het verhaal van oma,True,2.270289,-1.5124950000000001,1.3106460000000002,-1.3556779999999997,-0.177452,-0.4283849999999999,0.6906149999999996,-0.127095,-1.6784860000000008,1.3141729999999998,1.0093540000000003,1.2252910000000004,-1.261383,-0.5786730000000001
2,2.2,2.2.2,gemma,136,ruziemaken over wie de beste is in het spel,True,0.5063770000000003,-0.2951949999999998,0.2983610000000002,-0.43094599999999994,0.11567399999999996,1.7002129999999993,0.18633300000000005,-0.8582860000000001,-0.131752,0.18871500000000002,-0.41567600000000016,-0.4371369999999999,0.354852,-0.7057809999999998
2,2.2,2.2.3,gemma,137,helpen met de decoratie tijdens een feest,True,1.0116479999999997,-0.100579,-0.7024619999999999,0.3106240000000001,0.28696999999999995,-1.0256720000000001,-0.48160200000000025,0.17805600000000002,0.2625880000000001,-0.31407899999999994,-0.026455999999999983,1.9348840000000007,0.3377980000000001,-0.382479
2,2.2,2.2.4,gemma,138,verhalen lezen voor het slapen gaan,True,1.536108,-0.9063750000000003,1.1882160000000002,-0.986701,-0.6605589999999999,-0.158513,0.31247199999999997,-1.0660150000000004,-1.3063589999999998,1.091842,0.675119,1.1943580000000005,-1.5318419999999993,-0.47563899999999976
2,2.3,2.3.1,gemma,139,in de woonkamer regels bespreken met het gezin,True,0.21877199999999994,0.03499699999999997,-1.8029899999999994,-0.22845399999999993,0.21458799999999983,-0.16487699999999997,-0.008690999999999961,0.48605099999999973,0.36820100000000006,-0.9490480000000002,-0.6166340000000003,0.9081950000000003,-0.628081,-0.26529699999999984
2,2.3,2.3.2,gemma,140,lezen in een boekje zonder afleidingen,True,1.3857260000000002,-0.10231399999999999,1.092032,-0.05464600000000003,-0.2192439999999999,-0.053817000000000094,-7.800000000000085e-05,-0.5603909999999998,-1.1783799999999993,1.0037680000000002,-0.6549479999999999,-0.596195,-1.0880730000000005,1.5077380000000002
2,2.3,2.3.3,gemma,141,met ouders bespreken wat er vanavond op het menu staat,True,0.5630570000000003,-0.287356,-0.814117,-0.3914829999999999,0.5509969999999997,0.6053789999999999,1.0063509999999993,0.211382,0.006512999999999962,-0.9835009999999997,-0.5452620000000002,1.9035339999999994,0.658938,-0.3225719999999999
2,2.3,2.3.4,gemma,142,een lekkere maaltijd maken,True,-0.703433,0.327865,-1.1948789999999996,0.8267759999999995,-0.3490890000000001,-1.0216080000000005,-0.25592400000000004,1.7322070000000014,0.31327800000000017,0.02137399999999999,0.5419529999999998,0.6119999999999998,0.9424680000000006,-0.15909399999999996
3,3.1,3.1.1,gemma,143,excuses maken als je iets fout hebt gedaan,True,0.835757,-0.03636200000000001,-0.5005319999999998,-0.08794199999999995,0.08006800000000013,-0.9013420000000001,-0.22432299999999997,0.17490700000000006,0.052640999999999966,0.3057179999999999,-0.006256999999999981,0.1917309999999999,0.1917139999999999,-0.4146040000000002
3,3.1,3.1.2,gemma,144,proberen mee te doen aan een nieuwe activiteit,True,0.798049,0.48039700000000024,-0.581182,-0.44273800000000024,0.6335509999999998,2.7299259999999985,0.4807430000000001,-0.6779339999999999,-0.11416500000000003,-0.20383900000000005,-0.13663499999999998,1.3475110000000003,0.075541,-0.7285069999999998
3,3.1,3.1.3,gemma,145,een verhaal vertellen aan een vriendje uit de klas,True,1.2470949999999994,-0.660977,1.1656869999999997,-0.637127,0.46599799999999986,0.6517839999999999,1.2470469999999994,-0.4480449999999998,-0.4703610000000005,0.17192799999999991,-0.22790600000000003,2.0147790000000008,-0.5557570000000003,-0.373184
3,3.1,3.1.4,gemma,146,verliefd zijn op iemand in je klas,True,0.5278140000000001,-0.510796,-0.040037,-0.46888400000000013,0.14016400000000004,0.8720159999999997,1.1033259999999994,-0.07758599999999992,-0.39246300000000006,0.050413999999999994,-0.7273429999999999,1.3996740000000003,0.10128399999999996,-0.49629699999999993
3,3.2,3.2.1,gemma,147,samen skeeleren over het pleintje,True,0.622504,-0.5729380000000001,-0.07725099999999997,0.29985500000000004,-0.6757790000000001,1.5271280000000003,0.027715000000000014,-0.39456100000000005,0.4352829999999998,-0.5837939999999999,0.12645300000000018,1.6034510000000004,-0.53328,-0.6816869999999996
3,3.2,3.2.2,gemma,148,een afspraak maken voor een film kijkje,True,1.2400159999999998,0.39947199999999994,-0.09956500000000001,0.019866000000000026,1.0238170000000002,0.9147179999999999,0.4960469999999997,0.37517300000000015,-0.6767469999999998,1.4328030000000005,-0.04325799999999988,-0.7960820000000001,1.2985479999999996,-0.149671
3,3.2,3.2.3,gemma,149,een act oefenen voor op de kamer,True,0.47495,0.39748599999999984,-0.25831600000000005,0.12968400000000005,-0.610919,-0.7080609999999998,-0.8280939999999998,-1.0864599999999998,0.41326100000000004,0.39447299999999985,-0.007116000000000011,-0.04937800000000002,-0.20018800000000006,-0.658797
3,3.2,3.2.4,gemma,150,films kijken tijdens een logeerpartij,True,0.6516619999999999,0.14114099999999996,-0.04474200000000005,-0.19776799999999997,0.11058399999999999,0.7680479999999998,0.35469500000000004,-0.2773,0.04857799999999997,0.40985099999999997,-0.197573,-0.8157839999999998,-0.13812400000000008,-0.4254120000000001
3,3.3,3.3.1,gemma,151,weerstaan aan druk om iets te doen wat niet goed voelt,True,-0.04283900000000003,-0.3286740000000002,-0.41298399999999985,0.009541999999999997,0.3993800000000002,-0.04684800000000001,-0.18130800000000008,0.7476860000000001,0.152996,-0.3575130000000002,0.08120599999999994,0.4654949999999998,0.7213679999999998,-0.70121
3,3.3,3.3.2,gemma,152,inleven in hoe de ander zich voelt tijdens een conflict,True,1.1089189999999993,-0.3195250000000001,-0.15564800000000006,-0.7970970000000003,0.26693099999999975,0.8205550000000001,1.1538389999999998,-0.8816599999999998,-0.16389200000000007,0.7947370000000002,-0.16213899999999998,1.649028000000001,-0.273423,-0.6959020000000001
3,3.3,3.3.3,gemma,153,humor gebruiken om te lachen,True,0.852806,0.22663999999999998,0.02708500000000001,0.21867500000000015,-0.978632,-0.872967,-0.8510159999999999,-0.5057139999999998,0.648837,0.21689499999999995,0.7710430000000003,0.9294560000000003,-1.3044940000000003,-0.952024
3,3.3,3.3.4,gemma,154,stel vragen om meer informatie te krijgen,True,1.1024359999999997,0.6453279999999999,-0.5425179999999998,0.07708600000000006,0.4691709999999999,0.375003,0.098014,-0.515598,-0.5016260000000002,1.4854120000000004,-0.149543,1.1033390000000005,-0.329972,-0.426347
4,4.1,4.1.1,gemma,155,een spannende wedstrijd spelen,True,0.7256829999999995,0.031739999999999984,0.8073819999999999,-1.4709539999999997,-0.42547300000000016,0.8736760000000001,-0.10204599999999997,-1.108826,-0.685565,0.7823619999999998,0.017632999999999992,-0.4743700000000001,-0.8296550000000003,-0.6658
4,4.1,4.1.2,gemma,156,aan de leiding deelnemen in een groepsspel voor de jongere leden,True,0.7887479999999997,-0.300323,-0.30138299999999996,-0.8601710000000006,0.6128749999999997,1.513499,1.8557949999999996,-1.035674,-0.142166,0.30941299999999994,-0.12049699999999994,1.4138390000000007,1.1278300000000003,-0.31316800000000006
4,4.1,4.1.3,gemma,157,een melodie op het instrument spelen,True,0.11173700000000002,0.12684699999999996,2.391945999999999,-0.42806699999999986,-1.135765,-1.3207100000000005,-1.5231449999999995,-1.0689650000000002,0.5385840000000003,0.3361999999999998,0.9273150000000002,-0.576046,-0.9474210000000002,-0.6315120000000002
4,4.1,4.1.4,gemma,158,een nieuwe taal tijdens de cursus spreken,True,1.117806999999999,-0.5912179999999999,-0.032982000000000025,-0.5288359999999999,-0.05137000000000002,1.1816940000000005,0.8836229999999999,-0.462283,-0.25101999999999985,0.534558,-0.4532710000000001,0.6166559999999998,-0.19365400000000016,-0.4830739999999999
4,4.2,4.2.1,gemma,159,een game bespreken met je familie,True,0.6224769999999998,0.5095850000000001,-0.2234949999999999,-0.12311199999999994,0.4163159999999998,1.0020079999999996,0.3936950000000002,-0.6649669999999999,-0.127566,0.5285009999999999,-0.1859959999999998,-0.5288499999999999,0.7963910000000002,-0.20562399999999997
4,4.2,4.2.2,gemma,160,pauzeren tijdens je favoriete show om te snacken,True,0.3255269999999999,-0.26587999999999995,-0.7380279999999999,-0.5272669999999999,0.712256,0.274946,0.2642159999999998,0.8269360000000002,-0.18391,0.7592399999999998,-0.34199700000000016,0.5646369999999997,0.9949040000000008,-0.3288929999999998
4,4.2,4.2.3,gemma,161,een liedje op de gitaar componeren,True,0.587535,0.0021310000000000474,0.4633159999999999,-0.34750900000000023,-0.6475059999999999,-0.9666290000000001,-1.233371,-1.3938780000000006,0.29943499999999984,0.439394,0.4493079999999998,-0.5048569999999999,-0.4316990000000001,-0.9873879999999998
4,4.2,4.2.4,gemma,162,je speelgoed opruimen na afloop,True,-0.4484040000000002,-0.14565299999999998,-0.3828190000000001,-0.08940199999999994,-0.16688199999999997,-0.6267150000000002,-0.6656770000000002,-0.5811919999999995,0.6369539999999998,-0.088024,0.044794000000000056,-0.5009830000000003,-0.06259100000000001,-0.407494
4,4.2,4.2.5,gemma,163,spelen met kleurpotloden en mooie tekeningen maken,True,-0.47067600000000004,0.49058699999999994,-0.32159000000000004,1.0389369999999991,-0.17916399999999996,-1.3620580000000002,-1.2054729999999998,-0.261773,0.6254269999999998,-0.26980400000000004,0.24057099999999987,-1.3225860000000005,-0.0027369999999999604,-0.6235950000000001
4,4.3,4.3.1,gemma,164,op de fiets over bruggen rijden,True,0.33374899999999996,-0.3633810000000002,-0.009275000000000028,-0.08992999999999997,0.07831700000000003,0.16181899999999996,-0.4834029999999997,-0.734261,0.4538560000000002,0.5697389999999999,-0.7893580000000001,-1.3217180000000004,-0.01965300000000002,-0.2401999999999999
4,4.3,4.3.2,gemma,165,in de verte een verstopplaats zoeken,True,-0.08076399999999996,-0.10266700000000004,-0.5877349999999999,0.4336309999999999,0.11998800000000003,-0.3685139999999999,-0.7226839999999999,-0.8946099999999998,-0.13449800000000006,0.49794799999999995,-0.6729510000000001,-1.054092,0.24237200000000006,-0.6580089999999998
4,4.3,4.3.3,gemma,166,op de wipkip heen en weer wiebelen,True,0.09417599999999997,-0.428446,0.149796,0.036967000000000014,0.28501299999999996,0.159777,-0.3974010000000001,-0.4620689999999999,0.3340740000000001,0.4616969999999998,-0.14282599999999995,0.0696689999999999,0.5880980000000003,-0.7896650000000005
4,4.3,4.3.4,gemma,167,peinzen over een lastig vraagstuk,True,0.4893999999999999,1.1536719999999998,0.406938,0.05162800000000001,-0.07729199999999997,-0.7658510000000001,-0.5412729999999999,-0.01767099999999997,-0.18494200000000005,0.7545520000000002,-0.10018199999999998,-0.8557509999999999,-0.614589,-0.713134
4,4.3,4.3.5,gemma,168,spelen met zand en schelpjes op het strand,True,0.048031,-0.39706199999999997,-0.5092349999999999,0.5080859999999999,-0.3629710000000001,0.06628999999999997,-0.3147060000000001,-0.32558899999999996,0.9278950000000001,-0.33123400000000003,-0.48732000000000014,1.018942,0.09760800000000013,-0.5636940000000003
5,5.1,5.1.1,gemma,169,een appgroep oprichten met je vrienden,True,0.8570959999999999,-0.1952539999999999,-0.172133,-0.472986,0.16765999999999995,0.3998610000000001,0.6894029999999998,-0.7663800000000003,0.11665099999999998,0.7533250000000006,-0.3890720000000001,0.9741160000000005,1.1957579999999999,-0.5379840000000002
5,5.1,5.1.2,gemma,170,een reactie op een post maken,True,1.1437039999999998,0.259164,0.19511099999999978,-0.21406399999999987,-0.7873539999999999,-0.9136550000000002,-0.9267429999999997,-1.2901119999999997,0.10136599999999998,1.0516969999999999,0.8477010000000003,-1.1441590000000001,-0.5389549999999999,-0.5640560000000001
5,5.1,5.1.3,gemma,171,een server vinden waar je met gelijkgestemde mensen kunt spelen,True,0.6235300000000001,0.5735139999999999,-0.170833,-0.18371200000000001,0.3161779999999996,0.9371029999999994,0.5606509999999997,-0.545369,0.07112899999999998,0.5816960000000002,-0.3523900000000003,-0.5642929999999999,1.0743590000000003,-0.5928859999999999
5,5.1,5.1.4,gemma,172,je huiswerk tonen tijdens een videogesprek,True,0.5101949999999998,0.7351389999999999,-0.8671159999999994,0.8124529999999998,0.42674,-0.9397,-0.31791299999999995,0.7796070000000003,0.33730899999999997,0.694045,-1.1207300000000007,0.11647499999999997,0.13416099999999986,0.3821239999999999
5,5.1,5.1.5,gemma,173,in de keuken helpen met het koken van een maaltijd,True,-0.7486389999999996,0.24170600000000003,-3.1687210000000006,0.34609400000000007,-0.3815120000000001,-0.801046,-0.1387210000000001,0.8194589999999994,0.6101499999999997,-2.261197999999999,-0.42066900000000035,1.6414490000000002,0.4503280000000002,0.28924399999999983
5,5.2,5.2.1,gemma,174,tips en trucs over coding ontdekken,True,0.262597,0.471105,-0.9775169999999997,0.05856900000000003,0.299146,-1.1062020000000004,-0.6612769999999998,-0.233444,0.06473,1.2236890000000005,-0.18904199999999996,-1.9825070000000014,-0.05882799999999998,-0.20938099999999998
5,5.2,5.2.2,gemma,175,naar je favoriete artiest zoeken,True,0.8022999999999998,0.3303370000000001,-0.5828630000000001,-0.8647079999999998,0.2841760000000001,-1.2169220000000007,-0.9986470000000007,-0.6278719999999998,-0.0003120000000000134,1.2203650000000004,0.18440300000000004,-1.2522120000000008,-0.6614619999999999,0.017125000000000022
5,5.2,5.2.3,gemma,176,feiten controleren via betrouwbare bronnen,True,0.781104999999999,-0.5685589999999999,-0.6611489999999999,-0.4584710000000001,1.1552730000000002,-0.41066400000000003,1.076469,1.1665300000000003,0.061919,1.5560050000000007,-0.4453590000000004,0.26679899999999984,-0.8320410000000001,-0.06578800000000001
5,5.2,5.2.4,gemma,177,kijken naar virale video s thuis,True,-0.14887800000000007,-0.48615000000000036,-1.3794979999999994,-0.36868200000000007,-0.03995199999999995,-0.48056900000000013,-0.347335,1.1214670000000002,0.25948799999999994,1.2511189999999999,-0.13438399999999995,0.8658820000000002,-0.577192,-0.46683899999999995
5,5.3,5.3.1,gemma,178,meld verdachte activiteiten aan de juiste instanties,True,-0.2918399999999999,-0.48353100000000004,-0.770291,-0.6747449999999998,0.9193359999999998,0.7905169999999999,1.206369,0.07525100000000001,0.2781470000000001,-0.07311100000000002,-0.7374020000000001,0.7930160000000002,0.09169899999999999,-0.29975799999999997
5,5.3,5.3.2,gemma,179,bedenk een ander gebruikersnaam,True,0.5631150000000001,0.07651600000000001,0.6275940000000001,0.050958999999999983,-0.12080500000000004,-0.564126,-0.5887959999999999,-0.593708,0.04916899999999995,0.79147,0.737759,-1.0138140000000002,-0.21576700000000001,-0.524497
5,5.3,5.3.3,gemma,180,schrijf respectvolle berichten,True,1.3135699999999997,-1.2341530000000003,0.22121300000000005,-0.881267,0.23959400000000008,-0.33473699999999984,0.2081549999999999,-0.20219100000000004,-0.3067109999999999,0.32773999999999986,0.23990699999999987,0.5729649999999998,-0.6933529999999999,-0.19749499999999998
5,5.3,5.3.4,gemma,181,je eigen wachtwoorden controleren,True,-0.14930600000000016,0.401712,-0.9699209999999993,0.084061,0.6146990000000002,-0.5215809999999999,-0.4268479999999999,0.7197230000000002,0.292674,0.9922860000000001,-0.21508799999999997,-0.6571640000000001,0.040207999999999994,1.357965
6,6.1,6.1.1,gemma,182,accepteer je lichaam zoals het nu is,True,0.8530529999999996,-0.127831,-0.101537,-0.45150600000000013,0.030084000000000014,-0.42575799999999975,-0.11649600000000002,-0.43814399999999987,0.013760999999999999,0.46223600000000004,0.22880999999999985,0.5473559999999995,-0.487712,-0.557333
6,6.1,6.1.2,gemma,183,je gevoelens erkennen en uiten,True,0.7672400000000001,-0.24922900000000006,0.03128899999999997,-0.013233000000000002,0.48308000000000006,-0.3596340000000003,-0.322143,0.17431500000000003,-0.12430800000000003,1.030594,0.10662400000000001,-0.167278,0.474974,-0.45714099999999974
6,6.1,6.1.3,gemma,184,vier de kleine overwinningen in je leven,True,0.21081500000000003,-0.285601,-0.49028500000000014,-0.699587,0.10600700000000014,0.33558199999999994,0.5935139999999998,-0.2946589999999999,-0.12382300000000003,0.3720859999999999,0.16113200000000005,-0.002729000000000017,-0.31529699999999994,-0.491792
6,6.2,6.2.1,gemma,185,erken dat iedereen verschillende emoties heeft,True,0.9651519999999995,-0.482446,-0.168507,-0.8015999999999996,0.23058499999999996,0.10205799999999997,1.2462259999999998,-0.187454,-0.16756499999999988,0.46332099999999976,0.17602400000000004,1.455842000000001,-0.8693440000000001,-0.633495
6,6.2,6.2.2,gemma,186,accepteer dat iedereen anders is,True,1.75605,-0.9676299999999999,1.2847580000000003,-0.7331160000000003,-0.4726940000000001,-0.6141739999999997,0.26065599999999994,1.0752560000000002,-0.9637730000000001,0.5827089999999998,0.6460749999999998,1.4254860000000003,-0.7990449999999999,-0.760151
6,6.2,6.2.3,gemma,187,praat met familie en ontdek hun interesses,True,0.5448350000000001,-0.33763899999999986,-0.7955329999999996,-0.16300799999999996,0.7355900000000001,0.613653,-0.03202399999999996,1.2406330000000003,-0.28109600000000007,0.22753799999999993,-0.14463199999999993,1.1399410000000003,1.1103820000000004,-0.4131230000000001
6,6.2,6.2.4,gemma,188,praat met iemand over je zorgen,True,0.834063,-0.4581140000000001,-0.7027470000000001,-0.25649600000000006,0.15465699999999993,-0.17137800000000003,0.21122699999999994,0.1969440000000001,0.09274099999999998,-0.365355,0.3997509999999999,1.4637939999999998,-0.7993250000000002,-0.49036700000000016
6,6.2,6.2.5,gemma,189,herken je emoties zoals blij of verdrietig,True,0.8034209999999996,-0.38978599999999985,-1.1153839999999997,-0.521492,0.25131799999999993,-0.3310840000000001,0.9571149999999995,0.02432100000000001,0.0017690000000000028,1.069953,-0.070457,0.6077839999999999,-0.970386,-0.5696889999999999
6,6.3,6.3.1,gemma,190,een rustig programma maken voor in de avonduren,True,0.22247699999999998,0.8281569999999999,-0.6761,-0.05512600000000005,0.41269699999999987,-0.6174189999999998,-0.2066260000000001,-0.30226100000000006,0.16314699999999996,0.4990219999999999,-0.5355590000000001,-1.2396969999999996,0.16882399999999997,-0.017794999999999974
6,6.3,6.3.2,gemma,191,eet wanneer je honger hebt,True,-0.11226199999999992,-0.5870580000000002,-1.0750029999999997,-0.4989279999999999,0.15483299999999992,-0.7256420000000002,0.252182,1.5470610000000002,0.10877700000000001,-0.151798,0.234943,1.6516279999999992,-0.27919400000000016,-0.3802240000000001
6,6.3,6.3.3,gemma,192,spelen met vrienden in het park,True,0.4996870000000001,-0.03496700000000003,-0.24667699999999992,0.3812890000000002,-0.32681,1.6512439999999995,0.40883899999999995,0.05540499999999997,0.3703839999999998,-0.6282679999999999,0.36928599999999995,1.4314779999999998,0.072683,-0.4085059999999999
