target,value
T1,0.7543456274180496
T2,0.79468699743677
T3,0.8708658488203451
T4,0.9177653326930997
T5,0.8079838685429968
T6,0.8949677301935773
T7,0.8508953956071843
T8,0.8624130652745106
T9,0.8033097787288002
T10,0.9038671198176005
T11,0.8724308326899073
T12,0.6983493428328624
T13,0.838288963423924
T14,0.9090459144510858
T1,0.8437832369394176
T2,0.9386487117749183
T3,0.9513990194164381
T4,0.9022227986008398
T5,0.878800300006789
T6,0.8602703730995924
T7,0.9092445799014925
T8,0.8979644632242874
T9,0.8970309449702929
T10,0.8535042363088834
T11,0.9415773129497929
T12,0.7745327087132401
T13,0.8914270579704993
T14,0.8243430140296775
T1,0.8035306260123256
T2,0.8590626629339668
T3,0.9344933761933836
T4,0.8464173169512137
T5,0.9194895966869954
T6,0.8273705160020897
T7,0.907448182843138
T8,0.9103114625174038
T9,0.8685767106184681
T10,0.8729475368483084
T11,0.9227281599498081
T12,0.693186795285061
T13,0.8776572856092054
T14,0.8315020706315801
T1,0.7957320465140848
T2,0.6151598919524346
T3,0.9277583163344905
T4,0.944721821966104
T5,0.8160419267436283
T6,0.9346361370636078
T7,0.8215425196082863
T8,1.0130164612813706
T9,0.9326545249986049
T10,0.9624582617484997
T11,0.8758369813618038
T12,0.6643288695333169
T13,0.7936008508041654
T14,0.8923383814230668
T1,0.7875104045292973
T2,0.7622729189838544
T3,0.9367126021547099
T4,0.8763184880737473
T5,0.9285401225602592
T6,0.9070801574673082
T7,0.9253584064055933
T8,0.9615254891979508
T9,0.8361826659039844
T10,0.9226696885417995
T11,0.9203640750777751
T12,0.7676855932289735
T13,0.9277657776666539
T14,0.9544572851491935
T1,0.8301604197858914
T2,0.771886173643628
T3,0.781792979304379
T4,0.8256854885588117
T5,0.8377908304058398
T6,0.8376815075106046
T7,0.8817746125907995
T8,0.8185049901940902
T9,0.8253411249927951
T10,0.8054490117407995
T11,0.7548130975473926
T12,0.6949089061029148
T13,0.8668290427542201
T14,0.8227339399445774
T1,0.8786757343622134
T2,0.8819897278709323
T3,0.8549076205788523
T4,0.8650415430494554
T5,0.9791600318767751
T6,0.8735317911644187
T7,0.8888335615123809
T8,0.8467502217136468
T9,0.9173025935516663
T10,0.9265896209688715
T11,0.8851341192718134
T12,0.8050244839748946
T13,0.8789500557104742
T14,0.9354925637105554
T1,0.8491752298316378
T2,0.8691280174922571
T3,0.8477127539468556
T4,0.8379111918681436
T5,1.0298877453250181
T6,0.8904136263845044
T7,0.9466618011062138
T8,0.869805513486019
T9,0.922042509157923
T10,0.9381603583841991
T11,0.873570451708015
T12,0.8133896752952353
T13,0.9013469513194969
T14,0.9461208518628339
T1,0.7907173031905494
T2,0.7703167107053834
T3,0.8458077990081692
T4,0.9977702624826736
T5,0.8302335817742301
T6,0.9689686937435524
T7,0.7884934152108843
T8,0.8025272543433271
T9,0.8498661546373414
T10,0.7925277304112106
T11,0.7329263531707554
T12,0.6882862487386678
T13,0.848466688911995
T14,0.8690802190966462
T1,0.900445860868045
T2,0.8796187612290964
T3,0.9209963184123253
T4,0.8452301667936368
T5,0.8975992904288195
T6,0.9181615561148115
T7,0.9351475753075097
T8,0.918661222986766
T9,0.8486780224165081
T10,0.9353177938178907
T11,0.9522245734723128
T12,0.8115054330603276
T13,0.9113660665816855
T14,0.9323840958845498
T1,0.8404655806391359
T2,0.7928217296836907
T3,0.8171071944194117
T4,0.9964748970799493
T5,0.8158411957246774
T6,0.7953512931542206
T7,0.8586893484558393
T8,0.8585693748730043
T9,0.8324517704832743
T10,0.7821131159383992
T11,0.8402382169616289
T12,0.7116549397983295
T13,0.548610025732235
T14,0.7979221221450579
T1,0.8360324951800142
T2,0.8760887939389668
T3,0.8725807874728349
T4,0.9740063250110093
T5,0.8965799366573324
T6,0.8740630134106442
T7,0.9133083809421518
T8,0.8026149654875114
T9,0.9217137225273511
T10,0.8376876797477798
T11,0.8830864894589862
T12,0.7097123354505495
T13,0.8566697948840798
T14,0.8706450164794611
T1,0.8105179210954077
T2,0.8213911467281053
T3,0.8818750318240762
T4,0.9689665363610933
T5,0.887550336634199
T6,0.888003987962581
T7,0.9139134252083927
T8,0.7872494374874301
T9,0.9465677076763525
T10,0.8827969299136114
T11,0.8841697961825112
T12,0.7680283282605089
T13,0.8637382204652113
T14,0.8902672039568761
T1,0.8066632807724845
T2,0.7956482305311244
T3,0.8751974077560127
T4,0.9401719189366958
T5,0.7448293049007157
T6,0.7730394855806126
T7,0.8105897391679745
T8,0.8104931045472016
T9,0.8646802790879414
T10,0.848591011179771
T11,0.8303936210008023
T12,0.6706433927571203
T13,0.7760923710740355
T14,0.8604832527074053
T1,0.9133516875320078
T2,0.9016665285526582
T3,0.9727832772593852
T4,0.9933432849460619
T5,0.8959774692701594
T6,0.9398369124099877
T7,0.922039297804089
T8,0.9848783761109421
T9,0.9545522483087886
T10,0.9141425398774097
T11,0.9230271253663029
T12,0.8170604664798691
T13,0.8872977350804692
T14,0.9195620906197516
T1,0.8037194323836296
T2,0.8249999929914095
T3,0.809816264583919
T4,1.0434472427695822
T5,0.7890444622402475
T6,0.7882995219285536
T7,0.862161471642682
T8,0.8620617330306408
T9,0.8519102300724222
T10,0.8018653615942479
T11,0.8353697234813273
T12,0.73065483084819
T13,0.7315116360158409
T14,0.8313525761274874
T1,0.9036070725387411
T2,0.8257115242842994
T3,0.9699263980560071
T4,0.9291877099149923
T5,0.8950472108501791
T6,0.7780156704181146
T7,0.9164241190704345
T8,0.9268842578105161
T9,0.860964979231724
T10,1.004785662574694
T11,0.8852810899571056
T12,0.7473061982925995
T13,0.8676967181670652
T14,0.8506505715924478
T1,0.9096363243817964
T2,0.817501926754017
T3,0.9696241435712809
T4,0.9749631270774903
T5,0.8640961901382884
T6,0.8263389077122096
T7,0.9481492269481531
T8,0.9169665889709713
T9,0.882865390070299
T10,0.9552293381200408
T11,0.8629582465487657
T12,0.7695039915009931
T13,0.8788211157931314
T14,0.8834953949650781
T1,0.8266331958468809
T2,0.6459417266847469
T3,0.8858885575888524
T4,1.0169542247570007
T5,0.823135604636648
T6,0.8074699193077186
T7,0.8694192341805147
T8,0.9619828002168769
T9,0.9200476931742463
T10,0.8146190158098802
T11,0.8654097997622152
T12,0.685479288192256
T13,0.6707439264964191
T14,0.8488364882888886
T1,0.9547168696919834
T2,0.8197846578046692
T3,0.959325273642311
T4,0.9957905377574654
T5,0.9474896059529441
T6,0.9433857590888264
T7,0.9420956899175927
T8,1.0206740424194072
T9,0.885462511345323
T10,0.9865137472638452
T11,0.858509092121254
T12,0.7820101215757043
T13,0.9386559803302392
T14,0.8767699015426771
T1,0.8110959611642652
T2,0.8202029048645822
T3,0.9096532353270496
T4,0.9190042544079333
T5,0.8995170513748255
T6,0.8899139423091995
T7,0.8730008918158887
T8,1.0707457854886435
T9,0.9659340759741408
T10,0.8926344742552079
T11,0.8697600418097277
T12,0.7232952836196801
T13,0.7635529988498966
T14,0.8924765137248208
T1,0.9379350511104506
T2,0.9443625246554124
T3,0.9967043955757702
T4,0.9028416339732492
T5,0.8301078188426186
T6,0.8869183472106368
T7,0.9719844043596928
T8,0.9154962809722991
T9,0.935921492983563
T10,0.9336379183643999
T11,0.9363407778115311
T12,0.8395588249670914
T13,0.8919800351630451
T14,0.937482640366399
T1,0.929709330494799
T2,0.8561150191163474
T3,0.9603409589893313
T4,0.9587490689319218
T5,0.9079946882469672
T6,0.892359586983262
T7,0.9800483295617806
T8,0.9113737400407251
T9,0.9337385411802519
T10,0.9360078168379495
T11,0.9252475565422902
T12,0.8521856236733629
T13,0.883019590394933
T14,0.95135220892301
T1,0.75270496911757
T2,0.8580175479588054
T3,0.9935608626711009
T4,0.9498864945262269
T5,0.8217391791307651
T6,0.9616358125421609
T7,0.8783466161266691
T8,0.9826983148798656
T9,0.9635080277315626
T10,0.9232385382689889
T11,0.8894619620474691
T12,0.793943937167876
T13,0.8438374010854326
T14,0.7913538520742067
T1,0.9893564021102942
T2,0.8748728730823914
T3,1.0450480140752096
T4,0.9838223603660241
T5,0.7918146001103753
T6,0.9488224732917313
T7,0.9728015172961028
T8,0.9704570799003422
T9,0.9643827983149584
T10,0.9814683182853435
T11,0.9236933871832922
T12,0.8684205290804226
T13,0.8800658442568122
T14,0.9331689771072874
T1,0.7786542171896207
T2,0.8211075109697652
T3,0.8658238484704914
T4,1.039716572743044
T5,0.8793062584578638
T6,0.9499069259309407
T7,0.9446989407383557
T8,0.8956261096610583
T9,0.9373664695727477
T10,0.8644250534093572
T11,0.73443837083143
T12,0.7829166669846579
T13,0.832077968076079
T14,0.7981157369733831
T1,0.8667158016317411
T2,0.9106847586683058
T3,0.8762236510001198
T4,0.9581512805898494
T5,0.8674601165580214
T6,0.9949971437494927
T7,0.9350326017777866
T8,0.9975445973227546
T9,0.9512360606749365
T10,0.9346598151826038
T11,0.8228812105840664
T12,0.838332267870088
T13,0.8817871795096537
T14,0.9126148167339827
T1,0.9120771695541895
T2,0.9040364469322362
T3,0.8586929628441815
T4,0.9889035453879866
T5,0.9065034871383562
T6,0.9717542195593345
T7,1.0033264212183712
T8,0.9499730812091743
T9,0.9264958463440225
T10,0.9491540348744922
T11,0.865741277418266
T12,0.8558960075050674
T13,0.8922522574044699
T14,0.8686408445850171
T1,0.7327082793010959
T2,0.9323698745279357
T3,0.9517811688322728
T4,0.9876687671505197
T5,0.9397680606333194
T6,0.937858992797774
T7,0.9866935748410384
T8,0.9180183605696243
T9,0.8461688978479915
T10,0.8959561043786122
T11,0.7740033336302414
T12,0.798322468808895
T13,0.9067163177368752
T14,0.8874745417124486
T1,0.9197535967969397
T2,0.890807853629591
T3,0.9463240679912015
T4,1.0188420771864273
T5,0.9117241754743268
T6,0.9807214934918558
T7,0.9612025847669297
T8,0.9778862969765679
T9,0.947504903945992
T10,0.8992978735987958
T11,0.8636616009885626
T12,0.8232583838134659
T13,0.9097756817519823
T14,0.9270445704197123
T1,0.7303709742682828
T2,0.8197741859443983
T3,0.9152308973177021
T4,0.9913684797372195
T5,0.930015806863697
T6,0.9589416374994786
T7,0.9388777100369459
T8,0.90556324055161
T9,0.9012983188241473
T10,0.9159388068654328
T11,0.8214198181320277
T12,0.6656044889234574
T13,1.0028390875463806
T14,0.8712890215104675
T1,0.858567619308235
T2,0.926154763687749
T3,0.9763770826702152
T4,1.0167907848431228
T5,0.9590895597490374
T6,0.9835020896532325
T7,0.948764074067509
T8,0.9216876343418796
T9,0.9337476683459465
T10,0.9746454492123208
T11,0.9356939568917231
T12,0.8256423789256195
T13,0.901867235294216
T14,0.8904460408298858
T1,0.8656834953131358
T2,0.9584260088988723
T3,0.9823158335648712
T4,1.0638056745010531
T5,0.9680125564987254
T6,0.9926380918646418
T7,0.9115889429780254
T8,0.9153256754666588
T9,0.9368579947301887
T10,0.9627084697759611
T11,0.9268620930542052
T12,0.7856752296738965
T13,0.9213347040198675
T14,0.8780908492997399
T1,0.7332492121517986
T2,0.7467937983286761
T3,0.9216652710641968
T4,1.0224011156355035
T5,0.8748219851990355
T6,1.0274416769813457
T7,0.9647018777691844
T8,0.859194140268965
T9,0.9056113825298049
T10,0.9637830523900704
T11,0.7792880062106899
T12,0.6576767735854162
T13,0.9821573038108006
T14,0.7897928359915813
T1,0.8781680299025876
T2,0.93003167851781
T3,0.9950386326527658
T4,0.9776881887028355
T5,0.9990745241501042
T6,0.940295700265632
T7,0.9486877251203996
T8,0.9798106208665802
T9,1.0041836654809988
T10,0.9055193553770834
T11,0.9816603129424945
T12,0.802695438673435
T13,0.9051343279727826
T14,0.8993834291266665
T1,0.8130105795157718
T2,0.8247757018276642
T3,0.9631819405587398
T4,1.0164291218246768
T5,0.9151129352976654
T6,0.8710758705816752
T7,0.8426634993023181
T8,0.8945054998085686
T9,0.913274656523082
T10,0.9186288908532025
T11,0.7843374018189861
T12,0.6846494104784138
T13,0.9290670112783759
T14,0.8836221352145117
T1,0.9219860384197294
T2,0.9048648872715608
T3,0.9686472902112924
T4,0.9989844910057816
T5,0.9722117066524882
T6,0.8871263198007371
T7,0.9176167997552584
T8,0.8596006231180213
T9,0.9165073454495744
T10,1.0032736537850542
T11,0.8726463609344256
T12,0.8217739685514102
T13,0.8723511828689503
T14,0.6750035433671371
T1,0.9419746751155381
T2,0.8932159664042998
T3,0.9697869076850858
T4,1.0206824382354118
T5,0.9133604665641186
T6,0.9044167488350843
T7,0.8938193219604142
T8,0.8604788678463429
T9,0.940075591398106
T10,0.992297747654649
T11,0.8840378143606705
T12,0.7896442282435538
T13,0.8725462791531731
T14,0.680301848674016
T1,0.7554025861393183
T2,0.8060734599029586
T3,0.9621529792226657
T4,0.9532150792261209
T5,0.9519833528851096
T6,1.0151206299550508
T7,0.8941903608649183
T8,0.9216315365251739
T9,0.9484378581563616
T10,0.944783053754959
T11,0.9814656309831552
T12,0.6546959044284655
T13,0.958543312230459
T14,0.9417893159429707
T1,0.9488393079951938
T2,0.837944980529183
T3,1.0350638408729582
T4,0.987148510947266
T5,0.9264079852114375
T6,0.9498854370118981
T7,0.9464626038081176
T8,0.9757728966773744
T9,0.9112732857008565
T10,0.957109456608002
T11,0.8154904180299816
T12,0.7922184587095389
T13,0.9215887214789114
T14,0.7337241050759347
T1,0.6056909720167406
T2,0.8248864411154366
T3,0.6727404590256846
T4,0.8998236405020096
T5,0.7678677049303266
T6,0.7527503505063926
T7,0.8531226222025456
T8,0.7254747775137238
T9,0.7519149698596381
T10,0.887134254764578
T11,0.7191203227087282
T12,0.5475630689428479
T13,0.6898865798504326
T14,0.8255010194211844
T1,0.8293056052213859
T2,0.9466612218247141
T3,0.8970517084978686
T4,0.8369804781301289
T5,0.8077439593787807
T6,0.9148873154308989
T7,0.8901230633564889
T8,0.8766718989715048
T9,0.8945783799831922
T10,0.9396536899657426
T11,0.7924459679673805
T12,0.6935328382598489
T13,0.8838617845023541
T14,0.893435938714531
T1,0.82282271177095
T2,0.9198950575414411
T3,0.8515414718440967
T4,0.8681299334496051
T5,0.7484911374067901
T6,0.853507403729833
T7,0.8349960614520711
T8,0.886947865941007
T9,0.8941547980177549
T10,0.9373495671663028
T11,0.7495490821623851
T12,0.7654271433103936
T13,0.830425435699113
T14,0.8829867708364096
T1,0.6495247336966284
T2,0.8670614925831065
T3,0.7938796340249408
T4,0.8575720044334314
T5,0.6947983282002269
T6,0.7587566827235194
T7,0.9064644342493262
T8,0.7424029939754345
T9,0.7571982948244522
T10,0.85288414301728
T11,0.7794719012000397
T12,0.5378677776772989
T13,0.7495597077848442
T14,0.8147074234475493
T1,0.9373323959316285
T2,0.9208600549023023
T3,0.8632827345214644
T4,0.9383209034698551
T5,0.8818528543654265
T6,0.9866340851185189
T7,0.8369404201137701
T8,0.8850681801208118
T9,0.8326356469189955
T10,0.9281838463296272
T11,0.7900195439889081
T12,0.8279058942502295
T13,0.8638638456443564
T14,0.9101515335196111
T1,0.7592487893521067
T2,0.8542478087943063
T3,0.875797543321098
T4,0.9129787665268985
T5,0.7046278408131084
T6,0.7504620730675318
T7,0.8131678716177532
T8,0.7830917417450552
T9,0.8701445530827785
T10,0.9549238630378387
T11,0.7560758430406781
T12,0.6386607174469764
T13,0.7751165091722562
T14,0.7761776197551249
T1,0.9221804169145016
T2,0.9468240629814022
T3,0.9672879688140137
T4,0.9033383307716532
T5,0.9156904228542536
T6,0.8965398197064536
T7,1.0250277999127648
T8,0.8135769275045728
T9,0.8970380505214665
T10,0.9219163294551548
T11,0.8317318204374222
T12,0.7812766570724052
T13,0.8978821856212805
T14,0.8187284155418404
T1,0.8749163114239455
T2,0.8916830140557463
T3,0.8829675420415284
T4,0.9427578187047301
T5,0.8657565734075383
T6,0.9009592131613542
T7,0.9801051006290076
T8,0.8360350104526599
T9,0.9456419652652135
T10,0.9321530954389963
T11,0.8087975410380468
T12,0.8222580727577284
T13,0.9014517057841349
T14,0.8585822543900865
T1,0.7190669051669911
T2,0.9198267445071042
T3,0.8352559981854618
T4,0.9334129595341629
T5,0.7433403456988797
T6,0.8138453079505862
T7,0.9314685510613907
T8,0.7927920599775568
T9,0.868522223527523
T10,0.8567381321043889
T11,0.7307737733002343
T12,0.6602733737322672
T13,0.7245008623977204
T14,0.803724679466234
T1,0.9325875173021556
T2,0.9296118788805874
T3,0.9702761956246044
T4,0.9629551690852071
T5,0.917977257848352
T6,0.9274181879855665
T7,0.9585984291394756
T8,0.9369125297153483
T9,0.9150934477561196
T10,0.9754773771624576
T11,0.9627142531820632
T12,0.8513770464863102
T13,0.9196123859388572
T14,0.8770297903394049
T1,0.9047295748279327
T2,0.8901419727868163
T3,0.9639555012946526
T4,0.9498074821288948
T5,0.8687538957310611
T6,0.8617381936967213
T7,0.9284043864554097
T8,0.9012552724574343
T9,0.8968560902723712
T10,0.8922868084931916
T11,0.9096619378915077
T12,0.6983704611661445
T13,0.8268395375363311
T14,0.8830725413416676
T1,0.8374856723623342
T2,0.8782742091520799
T3,0.9482862384115741
T4,1.0377937204650285
T5,0.9070924130773197
T6,0.6946831685035304
T7,0.804200082603508
T8,0.9690219629853816
T9,0.9083763374972824
T10,0.921683131427022
T11,0.8922798271294674
T12,0.6361485063071486
T13,0.7167284911472622
T14,0.8673390847910722
T1,0.8815976766518551
T2,0.8865922174750238
T3,0.978385250611019
T4,0.9806945466128064
T5,0.8879634607013651
T6,0.6735139991298179
T7,0.8397483107747997
T8,0.9853691112061325
T9,0.8433151293906705
T10,0.8802006376501439
T11,0.8934149506545463
T12,0.6008769446788458
T13,0.7461296535135433
T14,0.9461980915015342
T1,0.9138425007504223
T2,0.9426913161912425
T3,0.9852244169429096
T4,0.9518686728285288
T5,0.9692190813050214
T6,0.8882866876380688
T7,0.91576713669186
T8,1.0275023795029234
T9,0.8176817890963198
T10,1.0127441051797317
T11,0.9911207402215299
T12,0.8570671334972721
T13,0.9567546698849066
T14,1.012263708115118
T1,0.885699799984121
T2,0.9339714802950272
T3,1.0328343588372697
T4,0.9670345514530166
T5,0.8910426250512393
T6,0.7771583240603721
T7,0.7405125986806576
T8,0.9530161618109124
T9,0.910500454843824
T10,0.9203863804464383
T11,0.9472698067026135
T12,0.7159847471247882
T13,0.8631164328142584
T14,0.9815513306693608
T1,1.0000000013444752
T2,1.0000000024783713
T3,0.9999999995935569
T4,1.0000000038909729
T5,1.0000000005925465
T6,0.999999995656084
T7,0.9999999983930079
T8,0.9999999980003847
T9,0.9999999992903882
T10,1.0000000017406498
T11,1.000000000442812
T12,1.0000000003055272
T13,1.0000000040333883
T14,1.000000000166076
T1,0.9653212667405286
T2,1.080103661877247
T3,0.9482180471486852
T4,1.0436318952416372
T5,1.0895811784365481
T6,0.9494247371910848
T7,1.0250552523916636
T8,0.9925418818469917
T9,0.9371297934523908
T10,0.904355356861897
T11,0.9563323409375327
T12,0.9662441236128383
T13,0.9507842534530602
T14,1.0195393830208601
T1,0.937893916981444
T2,1.0338673700495007
T3,0.9400424318087117
T4,1.0261751156002326
T5,1.0538684811354058
T6,0.9512793825835363
T7,1.0627256775605975
T8,1.0231878266078573
T9,0.9060096766442836
T10,0.8719965387924511
T11,0.953843893055725
T12,0.9873545064738005
T13,0.949173353055937
T14,1.0231002772587976
T1,1.0147778270101955
T2,1.06984505827472
T3,0.8688494869520986
T4,1.0624581036752008
T5,1.0744709003886883
T6,1.0830924317128954
T7,1.1450650922045218
T8,1.002728750666442
T9,0.9630090761637184
T10,0.8787371785360277
T11,0.9557796116370008
T12,1.0571870037881181
T13,0.9125187736224577
T14,1.0104994343951625
T1,0.9851813381596154
T2,1.0638953796044417
T3,0.962286474789085
T4,0.9813811261488805
T5,1.0102526446101452
T6,0.973391100546888
T7,1.006833827071932
T8,1.0133454382736855
T9,0.9518308895777636
T10,0.9170336128728553
T11,0.9836378383769337
T12,0.9199356866243118
T13,0.9854602398442398
T14,1.0118183453565979
T1,0.999516346921297
T2,1.0000000024783713
T3,0.9831202689059453
T4,1.0000000032600227
T5,0.9824369010180072
T6,0.9985898026391986
T7,0.9993265517607519
T8,0.999999995517826
T9,1.0000000061602528
T10,0.9613163249713809
T11,0.9999999994089933
T12,1.0000000003055272
T13,0.9915866616394078
T14,1.0000000041752868
T1,0.9904077989292343
T2,1.0358771047215574
T3,0.9045459152891095
T4,1.057979868824806
T5,0.996900241277711
T6,0.9906542034871707
T7,1.0062919982627627
T8,1.0376032637810422
T9,0.9793055524038933
T10,0.9288555119737214
T11,0.9341356593272343
T12,1.0329428575435897
T13,0.9876506339772042
T14,0.9429705433384121
T1,0.966455056944156
T2,1.0004300346442911
T3,0.9775141798996028
T4,1.0656726395336489
T5,1.01161805320088
T6,0.9507031467880542
T7,0.9958444865811971
T8,1.0522064482169609
T9,0.9596367115686004
T10,0.9137592014331986
T11,0.9515294685486141
T12,1.0092016342610215
T13,0.9775779110184869
T14,0.9622372310576213
T1,0.9534816406250386
T2,0.9974794358832652
T3,0.9250298240129942
T4,1.0962253058179423
T5,0.9436391748665338
T6,1.036242511547222
T7,1.0579639834685726
T8,1.0824658667838696
T9,0.9284742777478986
T10,0.889144585265748
T11,0.9933469348577102
T12,1.0509193833284523
T13,0.9492017949946545
T14,1.0477992841973087
T1,1.0091165475570205
T2,1.0130942153211668
T3,0.9656382357775546
T4,1.0117473850127592
T5,1.0289969497452132
T6,1.0238180439079265
T7,1.0032094724971725
T8,1.009035618663643
T9,0.9576242533535575
T10,0.9532118924329682
T11,0.9987863962664385
T12,1.0143601033840843
T13,1.0057869725975987
T14,0.9707810245050399
T1,1.0019150726011288
T2,1.002281586423077
T3,0.9885907805662744
T4,1.000117448052897
T5,0.964878254449724
T6,0.9498490941388336
T7,0.9782744368368144
T8,1.011770920584563
T9,0.9871733239546399
T10,0.9830643163649366
T11,1.0062496928191285
T12,0.9986399665776509
T13,0.9593181463184739
T14,1.0024111718665567
T1,1.0411509302285475
T2,1.0509983975517223
T3,1.078576656578865
T4,1.1194560011012
T5,1.0698024178289087
T6,0.9485268451153659
T7,1.042113037783753
T8,1.0775203380364227
T9,1.021234366447005
T10,1.0594907479834081
T11,1.0163469206953626
T12,1.0290957017780895
T13,0.9650908884422817
T14,1.0524970655147787
T1,0.9830342366767499
T2,1.039892155320218
T3,1.0480267966811403
T4,1.077832648694004
T5,1.0298671408775983
T6,0.9615986651926254
T7,1.1094756279160514
T8,1.0055688860227532
T9,0.9532938487080973
T10,1.033384084452539
T11,1.0275413504684288
T12,1.0662596227721894
T13,0.9904448558468106
T14,1.0113999747135693
T1,0.9954869297915174
T2,1.0146321512087528
T3,1.0041901102104704
T4,1.0227340859044098
T5,0.9869198382444078
T6,1.0231485085816394
T7,1.004641856562747
T8,1.019706097816285
T9,0.9658523792062432
T10,1.0018625199661222
T11,0.9833961387442667
T12,0.9987723005084395
T13,0.9492702630201679
T14,0.9726088471482697
T1,1.0026061732480098
T2,1.0417375925495642
T3,0.993747484613054
T4,1.0631944757805694
T5,1.01953981425773
T6,1.026866307839037
T7,1.0049788621556734
T8,1.0487048347319217
T9,0.9905698631435451
T10,1.0065891745163058
T11,1.016408124214221
T12,1.0069747351903449
T13,0.9867630055034284
T14,1.019201923569038
T1,0.7967044155571728
T2,0.8454365816762512
T3,0.8530749465126153
T4,0.7851461675911324
T5,0.8652774714816704
T6,0.9274232316466078
T7,0.9390250006285823
T8,0.8369652784516647
T9,0.9790929162775015
T10,0.8203186222781014
T11,0.8203735676490304
T12,0.7174568775901797
T13,1.0079583679743374
T14,0.9511112074276247
T1,0.9249803158941243
T2,0.8661335528653369
T3,0.969615616449571
T4,0.8610475196243681
T5,0.9411553506774084
T6,0.974703589220447
T7,0.9726859880294882
T8,0.9470354030436714
T9,0.8270103901572702
T10,0.9495675574574083
T11,0.9694775988085632
T12,0.8501530994996362
T13,1.0281784583711724
T14,0.9755762325751901
T1,0.903445214337006
T2,0.9035345276594272
T3,1.005879688214414
T4,0.901154470526097
T5,0.9169754733257409
T6,0.9483722634556391
T7,0.9571322062332183
T8,0.9454743814206525
T9,0.8273069880221073
T10,0.9505732425196529
T11,0.9707524556364342
T12,0.8526277117028334
T13,1.0464505070193484
T14,0.9121313828368481
T1,0.7956152983422113
T2,0.8751064520565707
T3,0.9636506871538915
T4,0.7330414594476458
T5,0.9548940384648417
T6,1.0499069849346117
T7,0.923207105744769
T8,0.7942116558648114
T9,1.0836958224880444
T10,0.7446294606714589
T11,0.9094080854899593
T12,0.7863019797830313
T13,1.0342322671274817
T14,0.9252780470639492
T1,0.9688171031362616
T2,0.9344035131527881
T3,1.0217888302756217
T4,0.9556070381714281
T5,0.9684873977469224
T6,0.9881941086878054
T7,1.0153009284248724
T8,0.9806498013874543
T9,0.9262160840484371
T10,0.9518513505954549
T11,0.9690277129808995
T12,0.9239497254943758
T13,0.9544000852748175
T14,0.9696039304987718
T1,0.9418933938245404
T2,1.0161829203255253
T3,0.9113299685624938
T4,1.0009140198240334
T5,0.9242780641100217
T6,0.9841581443867475
T7,0.9448729782471947
T8,0.996399834594998
T9,0.9946224442217724
T10,0.9634034322613124
T11,0.9234078689807244
T12,0.8752104852521863
T13,1.0026863840540057
T14,0.9536562960522048
T1,0.9540989916781353
T2,0.9948033541059431
T3,0.971164652949476
T4,0.9745367346774385
T5,0.9507741397619174
T6,1.0131518645856032
T7,0.9497447379536061
T8,1.0678884049019475
T9,1.0057781811416442
T10,0.9775519356092351
T11,0.9710465327524491
T12,0.8680093081748761
T13,0.995041102718996
T14,0.9519341405668749
T1,0.9591552358302586
T2,1.0009566455950218
T3,0.9720505756660887
T4,0.9817238398158503
T5,0.974375887502829
T6,0.9680816105866508
T7,0.9581694137692578
T8,1.0540987336641132
T9,1.009819279792137
T10,0.976087497230792
T11,0.975816308870869
T12,0.8877488248558325
T13,1.0041091801584667
T14,0.9496012027498855
T1,0.9223211129018913
T2,0.9612897151481281
T3,0.8491611196017559
T4,1.054267853870763
T5,0.9757938773223622
T6,1.0033984333167247
T7,0.9470959854114303
T8,0.9722416913815989
T9,1.0044444155724868
T10,0.9211036671894148
T11,0.9095493888601964
T12,0.899448489415644
T13,1.0198431713522134
T14,0.9366954448768494
T1,0.9832710240089213
T2,0.9716470609495124
T3,0.9580837161539935
T4,0.9950276743370503
T5,0.967526903964552
T6,1.0000982646579826
T7,0.9581776219794631
T8,1.009525708593759
T9,1.0248448154627527
T10,0.9621792055189711
T11,0.9390571548553415
T12,0.9233224070156497
T13,0.9532344424249679
T14,0.9434595656223488
T1,0.9234530826546079
T2,0.9668684397338354
T3,0.9232533381822412
T4,0.9769195243419715
T5,0.8190484129788167
T6,0.9861408002849201
T7,1.0004581396073196
T8,1.0473534461069118
T9,0.9956888736981666
T10,0.9999999741703783
T11,0.9555846627219796
T12,0.9495836562585862
T13,0.8432539369478699
T14,0.9825104624048566
T1,0.9813104897847136
T2,0.9342496520084764
T3,0.9618109647843398
T4,0.9739901254859655
T5,0.9899644664404994
T6,0.9859504001700085
T7,1.034284131274364
T8,0.9897665539554463
T9,0.9049312833856412
T10,1.019388525233134
T11,0.9930684924671984
T12,0.9634897512623118
T13,0.9203698188984559
T14,0.84483745007568
T1,0.9778781785570126
T2,0.9649162259646489
T3,0.9097811665168996
T4,0.9443292694466527
T5,0.9745616291499841
T6,0.9870958704239517
T7,1.001953465113266
T8,1.0095036384319247
T9,0.9501256940658178
T10,1.010194479345193
T11,0.9968594860624806
T12,0.9252461132845875
T13,0.9232613493235972
T14,0.8364682721438101
T1,1.0000732239543504
T2,0.9849207043375562
T3,0.988861510606798
T4,0.8737896890217606
T5,0.8133997595338864
T6,1.0068984701741408
T7,1.0996068789050248
T8,1.0758886853161473
T9,1.029383886931122
T10,1.0073937357194782
T11,0.9621499500614376
T12,1.0340469342270957
T13,0.8780222340135098
T14,0.942437014551136
T1,0.991253169505019
T2,0.9647398911114902
T3,0.9908908423885888
T4,0.993468280224588
T5,0.9431511764984994
T6,0.9568685364074145
T7,0.9993518116670879
T8,0.9790772340617112
T9,1.0300598275266357
T10,0.9532663190280884
T11,0.992024471804919
T12,0.9465304698469671
T13,0.9528788608470038
T14,0.9537297980554822
T1,0.7500458737362868
T2,0.7874781600577335
T3,0.9091505735124429
T4,0.7187689680243499
T5,0.7529672357711481
T6,0.7911656825053512
T7,0.7667180682663836
T8,0.8828609810405306
T9,0.8579288642488168
T10,0.907951591578003
T11,0.859640945036364
T12,0.6057436223315409
T13,0.8942101789933565
T14,0.9325455770874707
T1,0.8240257439449193
T2,0.7786823316877837
T3,0.9879735807796847
T4,0.9683833425806873
T5,0.881728167972192
T6,0.9483741332457247
T7,0.9882603481560704
T8,0.9398908580069092
T9,0.825363855270566
T10,0.9235214528784449
T11,0.9734760837889653
T12,0.8652009908465201
T13,0.9301526998774745
T14,0.9471436011729873
T1,0.8341363824851658
T2,0.8282597251065745
T3,0.924662356275837
T4,0.9022702064960308
T5,0.8892065623803393
T6,0.9188826857627778
T7,0.963308407943044
T8,0.908875124094066
T9,0.82042671214822
T10,0.9390178959608726
T11,0.9532342997990947
T12,0.8539122662691764
T13,0.9154137158871876
T14,0.9368073041630505
T1,0.6643463453492593
T2,0.7185745028518884
T3,0.879279655685549
T4,0.6990192042189022
T5,0.7046379061041332
T6,0.8594500071415796
T7,0.804463596249714
T8,0.8683532695012315
T9,0.9135899396909304
T10,0.8903385627346525
T11,0.8598332163624998
T12,0.5814394292804096
T13,0.8949318154015993
T14,0.907362423085895
T1,0.8456329334085166
T2,0.8522851589624698
T3,0.9649928131714489
T4,0.9063345203050344
T5,0.9539022622241191
T6,0.9449585196803854
T7,0.9986756384859363
T8,0.9976681104320728
T9,0.8532511323316396
T10,0.9760359151982505
T11,0.9761517324795694
T12,0.8958547559846108
T13,0.9238810605997478
T14,0.9579285044365544
T1,0.9265702933457411
T2,0.9936904669196405
T3,0.9364463871524564
T4,0.952946884854579
T5,0.8613576358502693
T6,0.9951620383212605
T7,0.9642513261595709
T8,1.0490138405281337
T9,0.9121343248749616
T10,0.9847842447600074
T11,0.9989887542278924
T12,0.9435910031170933
T13,0.9020999103187626
T14,0.8770544520466186
T1,0.9053264681354618
T2,0.996938867223623
T3,0.9898010207407868
T4,0.9872223757843674
T5,0.920620669916183
T6,0.975606599310688
T7,0.9474848274584092
T8,1.0142812895552393
T9,0.9481451458202843
T10,1.0199491654266162
T11,0.9488251847111218
T12,0.9232507688205555
T13,0.9239782435530628
T14,0.9404452115383972
T1,0.890201237219041
T2,0.9671119239476146
T3,0.9666591581855162
T4,1.0238133395228877
T5,0.8783939375422143
T6,0.9602571681907903
T7,0.9532846550502301
T8,1.0299389114184834
T9,0.9096363191231618
T10,0.9763588575060661
T11,0.9212235721892855
T12,0.9222970816483859
T13,0.9727830713105697
T14,0.9225215508586361
T1,1.0259954031937775
T2,1.0166637683898956
T3,1.0246801989587566
T4,0.9025981656558268
T5,1.0236873189451412
T6,0.9180389589880136
T7,1.0578173028225333
T8,1.0006220898121552
T9,0.9920045738709674
T10,1.0601044282912673
T11,0.9561058369694407
T12,1.000928384138629
T13,0.9324447643847127
T14,0.9771624769855831
T1,0.972875443996656
T2,1.0088522990318056
T3,1.0142134778990033
T4,0.9413541449463982
T5,0.9748150676484075
T6,0.9943972715784125
T7,0.9595050199221808
T8,0.9980468869351022
T9,0.9291576633361319
T10,1.0764044951595115
T11,0.9516264245136193
T12,0.9740947298657185
T13,0.9391839789383555
T14,0.9543783119809295
T1,1.0000000033859995
T2,1.0000000024783713
T3,0.9999999947207554
T4,1.0000000033158771
T5,0.9999999988149975
T6,0.9999999796743391
T7,0.9999999983930079
T8,0.9999999983478112
T9,0.9999999987439262
T10,0.9999999903659875
T11,1.000000000442812
T12,1.0000000000252285
T13,0.9999999710090374
T14,0.9999999991624868
T1,0.987132521082686
T2,0.9951808315010946
T3,0.9959383273636062
T4,1.0159467997123597
T5,1.0562259902246494
T6,1.0368480823904673
T7,1.01751668246397
T8,0.9742395835203275
T9,0.9717721184374657
T10,1.0680444309215145
T11,1.0711963550011565
T12,1.0548803799288367
T13,1.0755857189628424
T14,1.047441272258912
T1,0.9587326829852992
T2,0.9821082426414534
T3,1.0000906028299774
T4,1.032000353693567
T5,1.1257451226000135
T6,1.0841121145487684
T7,1.0711933854623847
T8,1.041326534598599
T9,0.9977631109773766
T10,1.0386680321652015
T11,1.0288835900690567
T12,1.07651390331538
T13,1.0802795141831902
T14,1.028956561596169
T1,0.9794655636377531
T2,1.0345429860614286
T3,1.04773218100995
T4,1.0457159865849845
T5,1.00876903378088
T6,1.046965530035698
T7,1.08511465562903
T8,1.0121845978598532
T9,1.0131027883352726
T10,0.9888300953591245
T11,1.024211268701695
T12,1.0309291288244413
T13,1.0118172601108881
T14,0.9802021910249746
T1,1.0057705378670398
T2,1.033300330755523
T3,1.0164593226213463
T4,1.0182914513444856
T5,0.9991946200362103
T6,1.0217466975337515
T7,0.989504335350283
T8,1.0318996271034477
T9,0.9846665855712132
T10,1.0354574205995561
T11,0.999387632290657
T12,1.013251921604612
T13,0.9980315971380194
T14,0.9693203889000283
T1,0.6768251598698525
T2,0.7365621513219986
T3,0.7578313019578706
T4,0.8419884133912583
T5,0.7482459011879119
T6,0.6661190938169957
T7,0.7761916100913013
T8,0.7619708403731348
T9,0.9064821864188715
T10,0.7667995911655932
T11,0.6683190354163615
T12,0.5416652231439183
T13,0.7343403486850957
T14,0.879881125352592
T1,0.6955786048215897
T2,0.6718676374315509
T3,0.8506436168266089
T4,0.866042208965083
T5,0.8204170234614842
T6,0.8516912719584978
T7,0.8454875925912329
T8,0.8608435533702565
T9,0.7581093375758174
T10,0.7821274427417294
T11,0.7696828976713408
T12,0.6513167892170322
T13,0.826496435908918
T14,0.8711547148267175
T1,0.7131209693491857
T2,0.6940637464301956
T3,0.8053803219951089
T4,0.850483450014454
T5,0.7877743998421628
T6,0.8060786552151338
T7,0.8286548799920905
T8,0.8249956753687178
T9,0.7251219379337768
T10,0.7975104932080107
T11,0.782891173400844
T12,0.5961629463452388
T13,0.7967330453405426
T14,0.804872861554397
T1,0.6304256696702537
T2,0.6811622608114644
T3,0.8167952646739991
T4,0.7634178577184789
T5,0.7063658142730327
T6,0.7671120046415465
T7,0.9038116972187016
T8,0.7720005454984809
T9,0.8143472705023379
T10,0.7167689105934845
T11,0.7343016459150677
T12,0.6230174702871274
T13,0.7224461747176102
T14,0.8637091124137495
T1,0.716035563109955
T2,0.7764865196412736
T3,0.8924513309709172
T4,0.7826634259620368
T5,0.8444267705728072
T6,0.8791973951781289
T7,0.8211964306042022
T8,0.8864560846830432
T9,0.6723559975715444
T10,0.8389250475493588
T11,0.9090133755693479
T12,0.6113292883878274
T13,0.7859852660529951
T14,0.8452820922816158
T1,0.5773536073621299
T2,0.7805827859954618
T3,0.5976411737823919
T4,0.6685631980301883
T5,0.7112758613370789
T6,0.7535814904230165
T7,0.7666310460245461
T8,0.7854119762615339
T9,0.8115636064163932
T10,0.8619501226138692
T11,0.8266035499320448
T12,0.555847638000644
T13,0.6370459690866161
T14,0.8622552354756219
T1,0.8188566726551838
T2,0.793960267001198
T3,0.8244680405951729
T4,0.9011227705114733
T5,0.7567778865686049
T6,0.790845742318756
T7,0.8250113448573458
T8,0.8015044422143203
T9,0.7999929340392392
T10,0.9437229070612844
T11,0.8362323699819281
T12,0.6167856304126622
T13,0.8095731516419247
T14,0.9138951492879788
T1,0.7775700291570586
T2,0.7907180909145468
T3,0.8331271067668277
T4,0.805863135221609
T5,0.7127483576955458
T6,0.8473885862401477
T7,0.7970497034089824
T8,0.8147041693967321
T9,0.8452836411342362
T10,0.9452741067542161
T11,0.8239637603527199
T12,0.6768593841018335
T13,0.7565216765168281
T14,0.9039970119520613
T1,0.6060993033905919
T2,0.8535267017616397
T3,0.7110319296827278
T4,0.8108795481117805
T5,0.7068807987194453
T6,0.6268113858584823
T7,0.7644871771891257
T8,0.7800222961416994
T9,0.7938093791010155
T10,0.8428147407076174
T11,0.8020818933061123
T12,0.5238327770211119
T13,0.6380680512253266
T14,0.9268022824511791
T1,0.77231464063828
T2,0.8366649694850138
T3,0.9026265306083774
T4,0.8791371462213753
T5,0.8003336375793378
T6,0.8460660578709254
T7,0.7696942443517907
T8,0.7782594495692982
T9,0.8677255953359941
T10,0.9395471639852883
T11,0.8473784616168354
T12,0.7381771241671773
T13,0.8336283890285014
T14,0.8905800398685881
T1,0.6448141867799928
T2,0.6718041815069886
T3,0.6734652457089313
T4,0.6969730949063213
T5,0.7166481148907593
T6,0.6506918051051047
T7,0.8429749962735869
T8,0.8771382411226877
T9,0.7208958210594687
T10,0.8735651118954592
T11,0.7046550520754471
T12,0.43319170190357803
T13,0.5773033779844263
T14,0.7504873550895039
T1,0.8149470650760593
T2,0.874099820071423
T3,0.8134962061996948
T4,0.8853151403487118
T5,0.9201481577693296
T6,0.8094892583404887
T7,0.8769356317671247
T8,0.962435253666989
T9,0.907085935662783
T10,0.8337216156826921
T11,0.8253581361751783
T12,0.739904785404817
T13,0.8243160149095649
T14,0.7540546218557962
T1,0.8258520460642722
T2,0.8806144100620832
T3,0.8150770985038178
T4,0.8562644939622125
T5,0.8915815821063664
T6,0.7932305082527173
T7,0.7947641919386403
T8,0.9552815077570562
T9,0.8172872608362879
T10,0.8341694732937401
T11,0.821092922558225
T12,0.7016568456165633
T13,0.8229462440611657
T14,0.7800432535710606
T1,0.5676608982824722
T2,0.7289398674598109
T3,0.6450162481323944
T4,0.6490586171619733
T5,0.72742221449946
T6,0.6490423185095875
T7,0.844422532987074
T8,0.8509379043011407
T9,0.6776641759384626
T10,0.8386872444864397
T11,0.7096959251698717
T12,0.5158516594177323
T13,0.5520361174631183
T14,0.6989636476134232
T1,0.8893261893858629
T2,0.8651156485611783
T3,0.8470446455041635
T4,0.7613650146149636
T5,0.8560526392900236
T6,0.7678026123693045
T7,0.8730236171850256
T8,0.9326025193141292
T9,0.8770699494053598
T10,1.0004945833386307
T11,0.8883154162982756
T12,0.7875447415521236
T13,0.9249251261819567
T14,0.9144964460971543
T1,0.5651526317709754
T2,0.7078783809718288
T3,0.5704141277983141
T4,0.5992728094134885
T5,0.7080595601396639
T6,0.7224968325335464
T7,0.8239920682263431
T8,0.6640549294418507
T9,0.7039297810903453
T10,0.7876777007660334
T11,0.7103159862895092
T12,0.5291422354410695
T13,0.7291213242802517
T14,0.7396418519024893
T1,0.8244201458793978
T2,0.812631835079757
T3,0.8645463450188489
T4,0.8723866770834745
T5,0.7628323345115953
T6,0.8050082736865687
T7,0.8890042763065202
T8,0.5988844650702845
T9,0.8766452223346207
T10,0.9077008048772985
T11,0.8323903314247642
T12,0.6802841163431848
T13,0.7707491630585045
T14,0.7857132142408487
T1,0.8142683308269656
T2,0.8498008678289954
T3,0.8818976243805203
T4,0.7885461666299645
T5,0.8338907855043239
T6,0.7334110909373452
T7,0.8365438616404315
T8,0.5488379482942277
T9,0.8350794601137123
T10,0.9105798547733124
T11,0.7888258800848429
T12,0.6289441457006184
T13,0.8072016682682537
T14,0.7971029564418142
T1,0.5998761206155292
T2,0.7518515166485025
T3,0.6564616240873682
T4,0.7762948810469459
T5,0.7098067590405073
T6,0.6629790461956397
T7,0.764185596984361
T8,0.72892728106309
T9,0.7843039783671417
T10,0.7475550403946718
T11,0.6545628031871147
T12,0.49026337328986136
T13,0.6955665493007036
T14,0.767814224225192
T1,0.9039409747824356
T2,0.8920286904159098
T3,0.8851782322968484
T4,0.9201353627249225
T5,0.8652619444552643
T6,0.8683241271912973
T7,0.8324987754127049
T8,0.8262859331255328
T9,0.926822859029539
T10,0.9307152221434039
T11,0.8679069029430231
T12,0.7106046383172097
T13,0.7489841239222093
T14,0.9368794726989917
T1,0.7339977116867837
T2,0.6838060564141482
T3,0.8572851439150271
T4,0.8097874408066963
T5,0.7913882769023355
T6,0.7385999640677243
T7,0.7372054835630291
T8,0.8092109452838545
T9,0.837832363578267
T10,0.7478053878641766
T11,0.7819530576880473
T12,0.6067287417423374
T13,0.8206358667385483
T14,0.8626183642826912
T1,0.8685103199616218
T2,0.866137371298429
T3,0.8859666240420372
T4,0.9778698096648997
T5,0.8186287218781632
T6,0.7395130851698899
T7,0.8492064947201028
T8,0.8679547478194214
T9,0.9210292590952915
T10,0.8157030555934579
T11,0.9197008945354626
T12,0.5676269674776686
T13,0.8305860118255848
T14,0.8291533269181075
T1,0.8442597150395694
T2,0.8363204747630529
T3,0.907897026135642
T4,0.9763994400715382
T5,0.857141766175786
T6,0.644947940267852
T7,0.7972673935032943
T8,0.8518337394985752
T9,0.8881957284912234
T10,0.8125749404164955
T11,0.9281857085837582
T12,0.5932946461520607
T13,0.8482865199847789
T14,0.803247881081044
T1,0.7361927409379933
T2,0.7464023577498768
T3,0.9253402098885439
T4,0.7497209281261193
T5,0.8321785496619352
T6,0.717556246373459
T7,0.8000694799856611
T8,0.8097528818087701
T9,0.8022896864373736
T10,0.882079645437575
T11,0.7158040532989235
T12,0.5246194574243213
T13,0.8558047939984552
T14,0.7812464201083743
T1,0.8782106387887009
T2,0.8535218801001359
T3,0.9404235930939311
T4,0.9222418634721234
T5,0.8927262575241857
T6,0.8891238703851951
T7,0.8793991572101119
T8,0.9178818850520354
T9,0.9440127970232552
T10,0.9009135565835065
T11,0.8973973451774442
T12,0.6452698976062874
T13,0.8712771202964854
T14,0.9111937113876007
T1,0.7121735320625733
T2,0.6338613356086658
T3,0.8438756868952719
T4,0.6556483243139315
T5,0.8078177298179561
T6,0.7156051629757187
T7,0.8203343610869246
T8,0.8677095531761481
T9,0.8536810412445186
T10,0.7763535560046716
T11,0.7012716054616046
T12,0.6153435553100541
T13,0.7726976364635071
T14,0.7076294098209095
T1,0.805250018745457
T2,0.7260549413774082
T3,0.8497842979758584
T4,0.8321730616238794
T5,0.7891775263926198
T6,0.693349371222225
T7,0.7596431852787182
T8,0.8442222588174552
T9,0.8359385120714891
T10,0.9424500417224737
T11,0.8379181940471807
T12,0.690130116750181
T13,0.7968052083448882
T14,0.7026101569384171
T1,0.8579156371410236
T2,0.7202756589057134
T3,0.8017984466514809
T4,0.7839764192643217
T5,0.7511979404914451
T6,0.7394839562796429
T7,0.7308765724677531
T8,0.8768291791003404
T9,0.7670412182079636
T10,0.8992040915568239
T11,0.7792216070721827
T12,0.6980946617527196
T13,0.861660811609188
T14,0.7867142941161411
T1,0.6631297529882962
T2,0.6651009996714922
T3,0.7262853718127936
T4,0.7261922530505909
T5,0.6587555410189971
T6,0.6832673104774751
T7,0.8421928239101966
T8,0.8607799846513909
T9,0.8927154811429032
T10,0.8561639429880904
T11,0.7273181316496976
T12,0.5807483115217397
T13,0.7555907187099371
T14,0.6426069763468264
T1,0.8570885927859913
T2,0.8583437312542126
T3,0.8523374463366622
T4,0.8878380519222984
T5,0.826833867865477
T6,0.7141146037723594
T7,0.7677136349324587
T8,0.9331623643422884
T9,0.8714226114468214
T10,0.9594262543187275
T11,0.8849215180802434
T12,0.7580479130567532
T13,0.7574613248238501
T14,0.9005708032259185
